file_name,label
train_0001.wav,Non-canonical
train_0002.wav,Canonical
train_0003.wav,Non-canonical
train_0004.wav,Non-canonical
train_0005.wav,Laughing
train_0006.wav,Junk
train_0007.wav,Junk
train_0008.wav,Canonical
train_0009.wav,Junk
train_0010.wav,Junk
train_0011.wav,Junk
train_0012.wav,Junk
train_0013.wav,Junk
train_0014.wav,Non-canonical
train_0015.wav,Non-canonical
train_0016.wav,Canonical
train_0017.wav,Non-canonical
train_0018.wav,Junk
train_0019.wav,Junk
train_0020.wav,Junk
train_0021.wav,Junk
train_0022.wav,Junk
train_0023.wav,Non-canonical
train_0024.wav,Crying
train_0025.wav,Crying
train_0026.wav,Crying
train_0027.wav,Canonical
train_0028.wav,Crying
train_0029.wav,Canonical
train_0030.wav,Junk
train_0031.wav,Canonical
train_0032.wav,Non-canonical
train_0033.wav,Non-canonical
train_0034.wav,Non-canonical
train_0035.wav,Non-canonical
train_0036.wav,Non-canonical
train_0037.wav,Junk
train_0038.wav,Junk
train_0039.wav,Junk
train_0040.wav,Non-canonical
train_0041.wav,Non-canonical
train_0042.wav,Canonical
train_0043.wav,Junk
train_0044.wav,Non-canonical
train_0045.wav,Junk
train_0046.wav,Junk
train_0047.wav,Non-canonical
train_0048.wav,Non-canonical
train_0049.wav,Non-canonical
train_0050.wav,Junk
train_0051.wav,Junk
train_0052.wav,Junk
train_0053.wav,Junk
train_0054.wav,Non-canonical
train_0055.wav,Junk
train_0056.wav,Non-canonical
train_0057.wav,Junk
train_0058.wav,Non-canonical
train_0059.wav,Crying
train_0060.wav,Junk
train_0061.wav,Non-canonical
train_0062.wav,Canonical
train_0063.wav,Junk
train_0064.wav,Non-canonical
train_0065.wav,Non-canonical
train_0066.wav,Non-canonical
train_0067.wav,Junk
train_0068.wav,Non-canonical
train_0069.wav,Non-canonical
train_0070.wav,Canonical
train_0071.wav,Junk
train_0072.wav,Non-canonical
train_0073.wav,Non-canonical
train_0074.wav,Junk
train_0075.wav,Non-canonical
train_0076.wav,Laughing
train_0077.wav,Non-canonical
train_0078.wav,Junk
train_0079.wav,Canonical
train_0080.wav,Junk
train_0081.wav,Junk
train_0082.wav,Junk
train_0083.wav,Junk
train_0084.wav,Junk
train_0085.wav,Non-canonical
train_0086.wav,Non-canonical
train_0087.wav,Junk
train_0088.wav,Junk
train_0089.wav,Junk
train_0090.wav,Crying
train_0091.wav,Non-canonical
train_0092.wav,Junk
train_0093.wav,Crying
train_0094.wav,Junk
train_0095.wav,Non-canonical
train_0096.wav,Junk
train_0097.wav,Non-canonical
train_0098.wav,Non-canonical
train_0099.wav,Non-canonical
train_0100.wav,Junk
train_0101.wav,Junk
train_0102.wav,Non-canonical
train_0103.wav,Junk
train_0104.wav,Non-canonical
train_0105.wav,Crying
train_0106.wav,Canonical
train_0107.wav,Non-canonical
train_0108.wav,Junk
train_0109.wav,Junk
train_0110.wav,Junk
train_0111.wav,Non-canonical
train_0112.wav,Junk
train_0113.wav,Crying
train_0114.wav,Non-canonical
train_0115.wav,Junk
train_0116.wav,Junk
train_0117.wav,Junk
train_0118.wav,Junk
train_0119.wav,Non-canonical
train_0120.wav,Non-canonical
train_0121.wav,Non-canonical
train_0122.wav,Crying
train_0123.wav,Non-canonical
train_0124.wav,Non-canonical
train_0125.wav,Junk
train_0126.wav,Non-canonical
train_0127.wav,Junk
train_0128.wav,Non-canonical
train_0129.wav,Junk
train_0130.wav,Non-canonical
train_0131.wav,Canonical
train_0132.wav,Crying
train_0133.wav,Junk
train_0134.wav,Non-canonical
train_0135.wav,Junk
train_0136.wav,Junk
train_0137.wav,Canonical
train_0138.wav,Junk
train_0139.wav,Junk
train_0140.wav,Non-canonical
train_0141.wav,Junk
train_0142.wav,Junk
train_0143.wav,Junk
train_0144.wav,Crying
train_0145.wav,Junk
train_0146.wav,Junk
train_0147.wav,Junk
train_0148.wav,Non-canonical
train_0149.wav,Non-canonical
train_0150.wav,Junk
train_0151.wav,Junk
train_0152.wav,Junk
train_0153.wav,Non-canonical
train_0154.wav,Junk
train_0155.wav,Non-canonical
train_0156.wav,Junk
train_0157.wav,Crying
train_0158.wav,Non-canonical
train_0159.wav,Non-canonical
train_0160.wav,Non-canonical
train_0161.wav,Non-canonical
train_0162.wav,Non-canonical
train_0163.wav,Non-canonical
train_0164.wav,Junk
train_0165.wav,Non-canonical
train_0166.wav,Non-canonical
train_0167.wav,Non-canonical
train_0168.wav,Junk
train_0169.wav,Non-canonical
train_0170.wav,Non-canonical
train_0171.wav,Non-canonical
train_0172.wav,Non-canonical
train_0173.wav,Non-canonical
train_0174.wav,Junk
train_0175.wav,Junk
train_0176.wav,Non-canonical
train_0177.wav,Non-canonical
train_0178.wav,Non-canonical
train_0179.wav,Junk
train_0180.wav,Junk
train_0181.wav,Canonical
train_0182.wav,Non-canonical
train_0183.wav,Non-canonical
train_0184.wav,Non-canonical
train_0185.wav,Junk
train_0186.wav,Junk
train_0187.wav,Junk
train_0188.wav,Non-canonical
train_0189.wav,Non-canonical
train_0190.wav,Junk
train_0191.wav,Non-canonical
train_0192.wav,Non-canonical
train_0193.wav,Junk
train_0194.wav,Junk
train_0195.wav,Canonical
train_0196.wav,Canonical
train_0197.wav,Canonical
train_0198.wav,Non-canonical
train_0199.wav,Junk
train_0200.wav,Non-canonical
train_0201.wav,Non-canonical
train_0202.wav,Junk
train_0203.wav,Junk
train_0204.wav,Junk
train_0205.wav,Junk
train_0206.wav,Junk
train_0207.wav,Non-canonical
train_0208.wav,Non-canonical
train_0209.wav,Junk
train_0210.wav,Non-canonical
train_0211.wav,Laughing
train_0212.wav,Canonical
train_0213.wav,Canonical
train_0214.wav,Crying
train_0215.wav,Non-canonical
train_0216.wav,Canonical
train_0217.wav,Non-canonical
train_0218.wav,Junk
train_0219.wav,Junk
train_0220.wav,Junk
train_0221.wav,Junk
train_0222.wav,Junk
train_0223.wav,Non-canonical
train_0224.wav,Junk
train_0225.wav,Junk
train_0226.wav,Junk
train_0227.wav,Non-canonical
train_0228.wav,Junk
train_0229.wav,Non-canonical
train_0230.wav,Canonical
train_0231.wav,Non-canonical
train_0232.wav,Crying
train_0233.wav,Non-canonical
train_0234.wav,Non-canonical
train_0235.wav,Crying
train_0236.wav,Junk
train_0237.wav,Junk
train_0238.wav,Junk
train_0239.wav,Non-canonical
train_0240.wav,Junk
train_0241.wav,Canonical
train_0242.wav,Junk
train_0243.wav,Junk
train_0244.wav,Junk
train_0245.wav,Non-canonical
train_0246.wav,Canonical
train_0247.wav,Non-canonical
train_0248.wav,Junk
train_0249.wav,Junk
train_0250.wav,Junk
train_0251.wav,Junk
train_0252.wav,Junk
train_0253.wav,Junk
train_0254.wav,Canonical
train_0255.wav,Non-canonical
train_0256.wav,Junk
train_0257.wav,Non-canonical
train_0258.wav,Non-canonical
train_0259.wav,Junk
train_0260.wav,Non-canonical
train_0261.wav,Crying
train_0262.wav,Crying
train_0263.wav,Junk
train_0264.wav,Canonical
train_0265.wav,Junk
train_0266.wav,Non-canonical
train_0267.wav,Junk
train_0268.wav,Junk
train_0269.wav,Canonical
train_0270.wav,Non-canonical
train_0271.wav,Junk
train_0272.wav,Junk
train_0273.wav,Non-canonical
train_0274.wav,Non-canonical
train_0275.wav,Junk
train_0276.wav,Junk
train_0277.wav,Junk
train_0278.wav,Non-canonical
train_0279.wav,Non-canonical
train_0280.wav,Junk
train_0281.wav,Non-canonical
train_0282.wav,Canonical
train_0283.wav,Junk
train_0284.wav,Junk
train_0285.wav,Canonical
train_0286.wav,Canonical
train_0287.wav,Non-canonical
train_0288.wav,Junk
train_0289.wav,Canonical
train_0290.wav,Non-canonical
train_0291.wav,Canonical
train_0292.wav,Canonical
train_0293.wav,Junk
train_0294.wav,Junk
train_0295.wav,Junk
train_0296.wav,Junk
train_0297.wav,Junk
train_0298.wav,Canonical
train_0299.wav,Non-canonical
train_0300.wav,Junk
train_0301.wav,Non-canonical
train_0302.wav,Non-canonical
train_0303.wav,Laughing
train_0304.wav,Canonical
train_0305.wav,Non-canonical
train_0306.wav,Canonical
train_0307.wav,Non-canonical
train_0308.wav,Non-canonical
train_0309.wav,Junk
train_0310.wav,Junk
train_0311.wav,Canonical
train_0312.wav,Non-canonical
train_0313.wav,Non-canonical
train_0314.wav,Junk
train_0315.wav,Non-canonical
train_0316.wav,Junk
train_0317.wav,Non-canonical
train_0318.wav,Crying
train_0319.wav,Laughing
train_0320.wav,Non-canonical
train_0321.wav,Junk
train_0322.wav,Junk
train_0323.wav,Non-canonical
train_0324.wav,Crying
train_0325.wav,Junk
train_0326.wav,Junk
train_0327.wav,Canonical
train_0328.wav,Canonical
train_0329.wav,Junk
train_0330.wav,Junk
train_0331.wav,Laughing
train_0332.wav,Non-canonical
train_0333.wav,Non-canonical
train_0334.wav,Junk
train_0335.wav,Non-canonical
train_0336.wav,Crying
train_0337.wav,Junk
train_0338.wav,Non-canonical
train_0339.wav,Non-canonical
train_0340.wav,Non-canonical
train_0341.wav,Canonical
train_0342.wav,Non-canonical
train_0343.wav,Non-canonical
train_0344.wav,Junk
train_0345.wav,Non-canonical
train_0346.wav,Junk
train_0347.wav,Non-canonical
train_0348.wav,Junk
train_0349.wav,Junk
train_0350.wav,Junk
train_0351.wav,Non-canonical
train_0352.wav,Crying
train_0353.wav,Junk
train_0354.wav,Crying
train_0355.wav,Junk
train_0356.wav,Non-canonical
train_0357.wav,Junk
train_0358.wav,Junk
train_0359.wav,Junk
train_0360.wav,Canonical
train_0361.wav,Junk
train_0362.wav,Non-canonical
train_0363.wav,Canonical
train_0364.wav,Junk
train_0365.wav,Non-canonical
train_0366.wav,Canonical
train_0367.wav,Non-canonical
train_0368.wav,Junk
train_0369.wav,Non-canonical
train_0370.wav,Junk
train_0371.wav,Crying
train_0372.wav,Non-canonical
train_0373.wav,Junk
train_0374.wav,Junk
train_0375.wav,Junk
train_0376.wav,Junk
train_0377.wav,Junk
train_0378.wav,Non-canonical
train_0379.wav,Junk
train_0380.wav,Non-canonical
train_0381.wav,Junk
train_0382.wav,Canonical
train_0383.wav,Junk
train_0384.wav,Crying
train_0385.wav,Canonical
train_0386.wav,Non-canonical
train_0387.wav,Non-canonical
train_0388.wav,Junk
train_0389.wav,Non-canonical
train_0390.wav,Junk
train_0391.wav,Junk
train_0392.wav,Canonical
train_0393.wav,Non-canonical
train_0394.wav,Canonical
train_0395.wav,Crying
train_0396.wav,Non-canonical
train_0397.wav,Non-canonical
train_0398.wav,Non-canonical
train_0399.wav,Junk
train_0400.wav,Junk
train_0401.wav,Junk
train_0402.wav,Junk
train_0403.wav,Junk
train_0404.wav,Non-canonical
train_0405.wav,Canonical
train_0406.wav,Junk
train_0407.wav,Laughing
train_0408.wav,Non-canonical
train_0409.wav,Non-canonical
train_0410.wav,Junk
train_0411.wav,Canonical
train_0412.wav,Junk
train_0413.wav,Junk
train_0414.wav,Non-canonical
train_0415.wav,Non-canonical
train_0416.wav,Non-canonical
train_0417.wav,Canonical
train_0418.wav,Non-canonical
train_0419.wav,Non-canonical
train_0420.wav,Junk
train_0421.wav,Non-canonical
train_0422.wav,Canonical
train_0423.wav,Junk
train_0424.wav,Junk
train_0425.wav,Non-canonical
train_0426.wav,Non-canonical
train_0427.wav,Junk
train_0428.wav,Crying
train_0429.wav,Junk
train_0430.wav,Non-canonical
train_0431.wav,Non-canonical
train_0432.wav,Junk
train_0433.wav,Canonical
train_0434.wav,Non-canonical
train_0435.wav,Junk
train_0436.wav,Junk
train_0437.wav,Junk
train_0438.wav,Canonical
train_0439.wav,Non-canonical
train_0440.wav,Junk
train_0441.wav,Non-canonical
train_0442.wav,Junk
train_0443.wav,Junk
train_0444.wav,Non-canonical
train_0445.wav,Junk
train_0446.wav,Non-canonical
train_0447.wav,Non-canonical
train_0448.wav,Non-canonical
train_0449.wav,Junk
train_0450.wav,Junk
train_0451.wav,Non-canonical
train_0452.wav,Junk
train_0453.wav,Junk
train_0454.wav,Non-canonical
train_0455.wav,Non-canonical
train_0456.wav,Non-canonical
train_0457.wav,Non-canonical
train_0458.wav,Non-canonical
train_0459.wav,Canonical
train_0460.wav,Non-canonical
train_0461.wav,Non-canonical
train_0462.wav,Non-canonical
train_0463.wav,Non-canonical
train_0464.wav,Junk
train_0465.wav,Non-canonical
train_0466.wav,Junk
train_0467.wav,Junk
train_0468.wav,Non-canonical
train_0469.wav,Junk
train_0470.wav,Junk
train_0471.wav,Junk
train_0472.wav,Junk
train_0473.wav,Non-canonical
train_0474.wav,Non-canonical
train_0475.wav,Non-canonical
train_0476.wav,Junk
train_0477.wav,Junk
train_0478.wav,Non-canonical
train_0479.wav,Junk
train_0480.wav,Junk
train_0481.wav,Junk
train_0482.wav,Non-canonical
train_0483.wav,Junk
train_0484.wav,Junk
train_0485.wav,Non-canonical
train_0486.wav,Junk
train_0487.wav,Junk
train_0488.wav,Junk
train_0489.wav,Junk
train_0490.wav,Junk
train_0491.wav,Non-canonical
train_0492.wav,Non-canonical
train_0493.wav,Junk
train_0494.wav,Junk
train_0495.wav,Canonical
train_0496.wav,Junk
train_0497.wav,Canonical
train_0498.wav,Crying
train_0499.wav,Junk
train_0500.wav,Canonical
train_0501.wav,Junk
train_0502.wav,Canonical
train_0503.wav,Junk
train_0504.wav,Junk
train_0505.wav,Junk
train_0506.wav,Junk
train_0507.wav,Non-canonical
train_0508.wav,Junk
train_0509.wav,Non-canonical
train_0510.wav,Junk
train_0511.wav,Junk
train_0512.wav,Non-canonical
train_0513.wav,Junk
train_0514.wav,Non-canonical
train_0515.wav,Non-canonical
train_0516.wav,Crying
train_0517.wav,Non-canonical
train_0518.wav,Non-canonical
train_0519.wav,Junk
train_0520.wav,Junk
train_0521.wav,Junk
train_0522.wav,Non-canonical
train_0523.wav,Non-canonical
train_0524.wav,Non-canonical
train_0525.wav,Junk
train_0526.wav,Junk
train_0527.wav,Canonical
train_0528.wav,Junk
train_0529.wav,Junk
train_0530.wav,Crying
train_0531.wav,Junk
train_0532.wav,Non-canonical
train_0533.wav,Junk
train_0534.wav,Junk
train_0535.wav,Canonical
train_0536.wav,Non-canonical
train_0537.wav,Non-canonical
train_0538.wav,Canonical
train_0539.wav,Junk
train_0540.wav,Canonical
train_0541.wav,Junk
train_0542.wav,Junk
train_0543.wav,Crying
train_0544.wav,Junk
train_0545.wav,Canonical
train_0546.wav,Non-canonical
train_0547.wav,Junk
train_0548.wav,Non-canonical
train_0549.wav,Non-canonical
train_0550.wav,Non-canonical
train_0551.wav,Non-canonical
train_0552.wav,Non-canonical
train_0553.wav,Non-canonical
train_0554.wav,Junk
train_0555.wav,Junk
train_0556.wav,Junk
train_0557.wav,Junk
train_0558.wav,Non-canonical
train_0559.wav,Non-canonical
train_0560.wav,Junk
train_0561.wav,Non-canonical
train_0562.wav,Non-canonical
train_0563.wav,Junk
train_0564.wav,Non-canonical
train_0565.wav,Non-canonical
train_0566.wav,Canonical
train_0567.wav,Non-canonical
train_0568.wav,Junk
train_0569.wav,Junk
train_0570.wav,Non-canonical
train_0571.wav,Non-canonical
train_0572.wav,Non-canonical
train_0573.wav,Canonical
train_0574.wav,Non-canonical
train_0575.wav,Non-canonical
train_0576.wav,Junk
train_0577.wav,Junk
train_0578.wav,Junk
train_0579.wav,Non-canonical
train_0580.wav,Junk
train_0581.wav,Junk
train_0582.wav,Crying
train_0583.wav,Crying
train_0584.wav,Junk
train_0585.wav,Canonical
train_0586.wav,Canonical
train_0587.wav,Junk
train_0588.wav,Non-canonical
train_0589.wav,Junk
train_0590.wav,Junk
train_0591.wav,Junk
train_0592.wav,Junk
train_0593.wav,Junk
train_0594.wav,Non-canonical
train_0595.wav,Non-canonical
train_0596.wav,Junk
train_0597.wav,Junk
train_0598.wav,Non-canonical
train_0599.wav,Junk
train_0600.wav,Canonical
train_0601.wav,Non-canonical
train_0602.wav,Non-canonical
train_0603.wav,Junk
train_0604.wav,Canonical
train_0605.wav,Non-canonical
train_0606.wav,Junk
train_0607.wav,Junk
train_0608.wav,Junk
train_0609.wav,Canonical
train_0610.wav,Canonical
train_0611.wav,Non-canonical
train_0612.wav,Junk
train_0613.wav,Crying
train_0614.wav,Canonical
train_0615.wav,Canonical
train_0616.wav,Junk
train_0617.wav,Junk
train_0618.wav,Junk
train_0619.wav,Crying
train_0620.wav,Non-canonical
train_0621.wav,Canonical
train_0622.wav,Junk
train_0623.wav,Non-canonical
train_0624.wav,Junk
train_0625.wav,Non-canonical
train_0626.wav,Laughing
train_0627.wav,Crying
train_0628.wav,Junk
train_0629.wav,Crying
train_0630.wav,Canonical
train_0631.wav,Junk
train_0632.wav,Junk
train_0633.wav,Junk
train_0634.wav,Junk
train_0635.wav,Crying
train_0636.wav,Junk
train_0637.wav,Non-canonical
train_0638.wav,Crying
train_0639.wav,Canonical
train_0640.wav,Junk
train_0641.wav,Canonical
train_0642.wav,Crying
train_0643.wav,Non-canonical
train_0644.wav,Junk
train_0645.wav,Crying
train_0646.wav,Non-canonical
train_0647.wav,Non-canonical
train_0648.wav,Junk
train_0649.wav,Non-canonical
train_0650.wav,Non-canonical
train_0651.wav,Junk
train_0652.wav,Junk
train_0653.wav,Non-canonical
train_0654.wav,Junk
train_0655.wav,Non-canonical
train_0656.wav,Non-canonical
train_0657.wav,Junk
train_0658.wav,Non-canonical
train_0659.wav,Non-canonical
train_0660.wav,Junk
train_0661.wav,Non-canonical
train_0662.wav,Canonical
train_0663.wav,Non-canonical
train_0664.wav,Crying
train_0665.wav,Non-canonical
train_0666.wav,Non-canonical
train_0667.wav,Junk
train_0668.wav,Non-canonical
train_0669.wav,Junk
train_0670.wav,Junk
train_0671.wav,Junk
train_0672.wav,Canonical
train_0673.wav,Canonical
train_0674.wav,Junk
train_0675.wav,Canonical
train_0676.wav,Non-canonical
train_0677.wav,Junk
train_0678.wav,Non-canonical
train_0679.wav,Junk
train_0680.wav,Non-canonical
train_0681.wav,Junk
train_0682.wav,Junk
train_0683.wav,Crying
train_0684.wav,Non-canonical
train_0685.wav,Non-canonical
train_0686.wav,Non-canonical
train_0687.wav,Junk
train_0688.wav,Junk
train_0689.wav,Junk
train_0690.wav,Junk
train_0691.wav,Junk
train_0692.wav,Junk
train_0693.wav,Canonical
train_0694.wav,Non-canonical
train_0695.wav,Non-canonical
train_0696.wav,Junk
train_0697.wav,Junk
train_0698.wav,Non-canonical
train_0699.wav,Non-canonical
train_0700.wav,Non-canonical
train_0701.wav,Non-canonical
train_0702.wav,Junk
train_0703.wav,Non-canonical
train_0704.wav,Crying
train_0705.wav,Junk
train_0706.wav,Junk
train_0707.wav,Junk
train_0708.wav,Non-canonical
train_0709.wav,Non-canonical
train_0710.wav,Junk
train_0711.wav,Crying
train_0712.wav,Crying
train_0713.wav,Junk
train_0714.wav,Junk
train_0715.wav,Non-canonical
train_0716.wav,Canonical
train_0717.wav,Laughing
train_0718.wav,Non-canonical
train_0719.wav,Non-canonical
train_0720.wav,Non-canonical
train_0721.wav,Junk
train_0722.wav,Non-canonical
train_0723.wav,Crying
train_0724.wav,Junk
train_0725.wav,Non-canonical
train_0726.wav,Junk
train_0727.wav,Junk
train_0728.wav,Crying
train_0729.wav,Non-canonical
train_0730.wav,Junk
train_0731.wav,Junk
train_0732.wav,Junk
train_0733.wav,Non-canonical
train_0734.wav,Junk
train_0735.wav,Canonical
train_0736.wav,Junk
train_0737.wav,Canonical
train_0738.wav,Canonical
train_0739.wav,Junk
train_0740.wav,Laughing
train_0741.wav,Non-canonical
train_0742.wav,Crying
train_0743.wav,Non-canonical
train_0744.wav,Non-canonical
train_0745.wav,Junk
train_0746.wav,Canonical
train_0747.wav,Junk
train_0748.wav,Junk
train_0749.wav,Crying
train_0750.wav,Non-canonical
train_0751.wav,Crying
train_0752.wav,Junk
train_0753.wav,Junk
train_0754.wav,Junk
train_0755.wav,Junk
train_0756.wav,Junk
train_0757.wav,Junk
train_0758.wav,Non-canonical
train_0759.wav,Junk
train_0760.wav,Junk
train_0761.wav,Non-canonical
train_0762.wav,Junk
train_0763.wav,Canonical
train_0764.wav,Junk
train_0765.wav,Non-canonical
train_0766.wav,Junk
train_0767.wav,Junk
train_0768.wav,Junk
train_0769.wav,Non-canonical
train_0770.wav,Junk
train_0771.wav,Junk
train_0772.wav,Non-canonical
train_0773.wav,Non-canonical
train_0774.wav,Crying
train_0775.wav,Junk
train_0776.wav,Canonical
train_0777.wav,Junk
train_0778.wav,Non-canonical
train_0779.wav,Junk
train_0780.wav,Canonical
train_0781.wav,Canonical
train_0782.wav,Junk
train_0783.wav,Junk
train_0784.wav,Canonical
train_0785.wav,Non-canonical
train_0786.wav,Canonical
train_0787.wav,Crying
train_0788.wav,Non-canonical
train_0789.wav,Non-canonical
train_0790.wav,Crying
train_0791.wav,Junk
train_0792.wav,Non-canonical
train_0793.wav,Junk
train_0794.wav,Crying
train_0795.wav,Non-canonical
train_0796.wav,Crying
train_0797.wav,Non-canonical
train_0798.wav,Junk
train_0799.wav,Crying
train_0800.wav,Junk
train_0801.wav,Canonical
train_0802.wav,Non-canonical
train_0803.wav,Non-canonical
train_0804.wav,Canonical
train_0805.wav,Non-canonical
train_0806.wav,Junk
train_0807.wav,Junk
train_0808.wav,Non-canonical
train_0809.wav,Junk
train_0810.wav,Junk
train_0811.wav,Junk
train_0812.wav,Junk
train_0813.wav,Junk
train_0814.wav,Junk
train_0815.wav,Non-canonical
train_0816.wav,Crying
train_0817.wav,Junk
train_0818.wav,Crying
train_0819.wav,Junk
train_0820.wav,Non-canonical
train_0821.wav,Canonical
train_0822.wav,Non-canonical
train_0823.wav,Non-canonical
train_0824.wav,Junk
train_0825.wav,Junk
train_0826.wav,Junk
train_0827.wav,Canonical
train_0828.wav,Junk
train_0829.wav,Junk
train_0830.wav,Non-canonical
train_0831.wav,Junk
train_0832.wav,Junk
train_0833.wav,Junk
train_0834.wav,Non-canonical
train_0835.wav,Non-canonical
train_0836.wav,Junk
train_0837.wav,Non-canonical
train_0838.wav,Non-canonical
train_0839.wav,Junk
train_0840.wav,Non-canonical
train_0841.wav,Non-canonical
train_0842.wav,Junk
train_0843.wav,Non-canonical
train_0844.wav,Non-canonical
train_0845.wav,Junk
train_0846.wav,Junk
train_0847.wav,Junk
train_0848.wav,Non-canonical
train_0849.wav,Non-canonical
train_0850.wav,Non-canonical
train_0851.wav,Non-canonical
train_0852.wav,Junk
train_0853.wav,Crying
train_0854.wav,Junk
train_0855.wav,Non-canonical
train_0856.wav,Non-canonical
train_0857.wav,Non-canonical
train_0858.wav,Laughing
train_0859.wav,Junk
train_0860.wav,Crying
train_0861.wav,Laughing
train_0862.wav,Junk
train_0863.wav,Canonical
train_0864.wav,Junk
train_0865.wav,Non-canonical
train_0866.wav,Junk
train_0867.wav,Junk
train_0868.wav,Canonical
train_0869.wav,Junk
train_0870.wav,Junk
train_0871.wav,Non-canonical
train_0872.wav,Junk
train_0873.wav,Non-canonical
train_0874.wav,Non-canonical
train_0875.wav,Non-canonical
train_0876.wav,Junk
train_0877.wav,Junk
train_0878.wav,Junk
train_0879.wav,Non-canonical
train_0880.wav,Junk
train_0881.wav,Canonical
train_0882.wav,Crying
train_0883.wav,Crying
train_0884.wav,Junk
train_0885.wav,Junk
train_0886.wav,Junk
train_0887.wav,Canonical
train_0888.wav,Junk
train_0889.wav,Non-canonical
train_0890.wav,Junk
train_0891.wav,Crying
train_0892.wav,Junk
train_0893.wav,Junk
train_0894.wav,Junk
train_0895.wav,Junk
train_0896.wav,Canonical
train_0897.wav,Junk
train_0898.wav,Canonical
train_0899.wav,Non-canonical
train_0900.wav,Junk
train_0901.wav,Junk
train_0902.wav,Non-canonical
train_0903.wav,Non-canonical
train_0904.wav,Junk
train_0905.wav,Junk
train_0906.wav,Junk
train_0907.wav,Canonical
train_0908.wav,Crying
train_0909.wav,Junk
train_0910.wav,Non-canonical
train_0911.wav,Junk
train_0912.wav,Junk
train_0913.wav,Non-canonical
train_0914.wav,Junk
train_0915.wav,Canonical
train_0916.wav,Non-canonical
train_0917.wav,Canonical
train_0918.wav,Non-canonical
train_0919.wav,Non-canonical
train_0920.wav,Junk
train_0921.wav,Non-canonical
train_0922.wav,Junk
train_0923.wav,Junk
train_0924.wav,Junk
train_0925.wav,Canonical
train_0926.wav,Canonical
train_0927.wav,Junk
train_0928.wav,Non-canonical
train_0929.wav,Junk
train_0930.wav,Junk
train_0931.wav,Non-canonical
train_0932.wav,Junk
train_0933.wav,Non-canonical
train_0934.wav,Non-canonical
train_0935.wav,Canonical
train_0936.wav,Non-canonical
train_0937.wav,Junk
train_0938.wav,Junk
train_0939.wav,Junk
train_0940.wav,Non-canonical
train_0941.wav,Non-canonical
train_0942.wav,Junk
train_0943.wav,Non-canonical
train_0944.wav,Junk
train_0945.wav,Non-canonical
train_0946.wav,Non-canonical
train_0947.wav,Canonical
train_0948.wav,Junk
train_0949.wav,Junk
train_0950.wav,Non-canonical
train_0951.wav,Junk
train_0952.wav,Junk
train_0953.wav,Junk
train_0954.wav,Junk
train_0955.wav,Junk
train_0956.wav,Non-canonical
train_0957.wav,Junk
train_0958.wav,Junk
train_0959.wav,Laughing
train_0960.wav,Non-canonical
train_0961.wav,Junk
train_0962.wav,Junk
train_0963.wav,Junk
train_0964.wav,Crying
train_0965.wav,Non-canonical
train_0966.wav,Junk
train_0967.wav,Non-canonical
train_0968.wav,Non-canonical
train_0969.wav,Junk
train_0970.wav,Non-canonical
train_0971.wav,Junk
train_0972.wav,Non-canonical
train_0973.wav,Junk
train_0974.wav,Non-canonical
train_0975.wav,Junk
train_0976.wav,Junk
train_0977.wav,Junk
train_0978.wav,Junk
train_0979.wav,Non-canonical
train_0980.wav,Non-canonical
train_0981.wav,Junk
train_0982.wav,Non-canonical
train_0983.wav,Canonical
train_0984.wav,Non-canonical
train_0985.wav,Junk
train_0986.wav,Junk
train_0987.wav,Non-canonical
train_0988.wav,Non-canonical
train_0989.wav,Junk
train_0990.wav,Junk
train_0991.wav,Junk
train_0992.wav,Non-canonical
train_0993.wav,Junk
train_0994.wav,Crying
train_0995.wav,Crying
train_0996.wav,Non-canonical
train_0997.wav,Junk
train_0998.wav,Non-canonical
train_0999.wav,Non-canonical
train_1000.wav,Non-canonical
train_1001.wav,Junk
train_1002.wav,Non-canonical
train_1003.wav,Crying
train_1004.wav,Junk
train_1005.wav,Junk
train_1006.wav,Junk
train_1007.wav,Junk
train_1008.wav,Junk
train_1009.wav,Non-canonical
train_1010.wav,Junk
train_1011.wav,Junk
train_1012.wav,Non-canonical
train_1013.wav,Junk
train_1014.wav,Junk
train_1015.wav,Junk
train_1016.wav,Non-canonical
train_1017.wav,Non-canonical
train_1018.wav,Crying
train_1019.wav,Junk
train_1020.wav,Non-canonical
train_1021.wav,Canonical
train_1022.wav,Non-canonical
train_1023.wav,Junk
train_1024.wav,Non-canonical
train_1025.wav,Junk
train_1026.wav,Junk
train_1027.wav,Junk
train_1028.wav,Non-canonical
train_1029.wav,Junk
train_1030.wav,Non-canonical
train_1031.wav,Junk
train_1032.wav,Junk
train_1033.wav,Canonical
train_1034.wav,Junk
train_1035.wav,Junk
train_1036.wav,Non-canonical
train_1037.wav,Junk
train_1038.wav,Junk
train_1039.wav,Canonical
train_1040.wav,Non-canonical
train_1041.wav,Non-canonical
train_1042.wav,Crying
train_1043.wav,Junk
train_1044.wav,Canonical
train_1045.wav,Non-canonical
train_1046.wav,Crying
train_1047.wav,Non-canonical
train_1048.wav,Non-canonical
train_1049.wav,Non-canonical
train_1050.wav,Junk
train_1051.wav,Crying
train_1052.wav,Crying
train_1053.wav,Non-canonical
train_1054.wav,Non-canonical
train_1055.wav,Junk
train_1056.wav,Junk
train_1057.wav,Non-canonical
train_1058.wav,Non-canonical
train_1059.wav,Non-canonical
train_1060.wav,Crying
train_1061.wav,Junk
train_1062.wav,Non-canonical
train_1063.wav,Junk
train_1064.wav,Junk
train_1065.wav,Junk
train_1066.wav,Junk
train_1067.wav,Non-canonical
train_1068.wav,Canonical
train_1069.wav,Junk
train_1070.wav,Junk
train_1071.wav,Junk
train_1072.wav,Crying
train_1073.wav,Junk
train_1074.wav,Junk
train_1075.wav,Non-canonical
train_1076.wav,Junk
train_1077.wav,Junk
train_1078.wav,Junk
train_1079.wav,Junk
train_1080.wav,Non-canonical
train_1081.wav,Non-canonical
train_1082.wav,Non-canonical
train_1083.wav,Canonical
train_1084.wav,Non-canonical
train_1085.wav,Junk
train_1086.wav,Junk
train_1087.wav,Junk
train_1088.wav,Non-canonical
train_1089.wav,Junk
train_1090.wav,Non-canonical
train_1091.wav,Canonical
train_1092.wav,Crying
train_1093.wav,Non-canonical
train_1094.wav,Non-canonical
train_1095.wav,Canonical
train_1096.wav,Crying
train_1097.wav,Non-canonical
train_1098.wav,Junk
train_1099.wav,Junk
train_1100.wav,Junk
train_1101.wav,Non-canonical
train_1102.wav,Crying
train_1103.wav,Junk
train_1104.wav,Non-canonical
train_1105.wav,Canonical
train_1106.wav,Junk
train_1107.wav,Junk
train_1108.wav,Non-canonical
train_1109.wav,Canonical
train_1110.wav,Non-canonical
train_1111.wav,Non-canonical
train_1112.wav,Junk
train_1113.wav,Junk
train_1114.wav,Junk
train_1115.wav,Non-canonical
train_1116.wav,Non-canonical
train_1117.wav,Junk
train_1118.wav,Junk
train_1119.wav,Non-canonical
train_1120.wav,Canonical
train_1121.wav,Canonical
train_1122.wav,Canonical
train_1123.wav,Junk
train_1124.wav,Junk
train_1125.wav,Non-canonical
train_1126.wav,Junk
train_1127.wav,Non-canonical
train_1128.wav,Junk
train_1129.wav,Junk
train_1130.wav,Non-canonical
train_1131.wav,Non-canonical
train_1132.wav,Non-canonical
train_1133.wav,Non-canonical
train_1134.wav,Non-canonical
train_1135.wav,Non-canonical
train_1136.wav,Canonical
train_1137.wav,Junk
train_1138.wav,Junk
train_1139.wav,Junk
train_1140.wav,Canonical
train_1141.wav,Junk
train_1142.wav,Junk
train_1143.wav,Non-canonical
train_1144.wav,Non-canonical
train_1145.wav,Junk
train_1146.wav,Canonical
train_1147.wav,Non-canonical
train_1148.wav,Crying
train_1149.wav,Non-canonical
train_1150.wav,Junk
train_1151.wav,Crying
train_1152.wav,Canonical
train_1153.wav,Junk
train_1154.wav,Junk
train_1155.wav,Non-canonical
train_1156.wav,Junk
train_1157.wav,Junk
train_1158.wav,Junk
train_1159.wav,Junk
train_1160.wav,Junk
train_1161.wav,Non-canonical
train_1162.wav,Junk
train_1163.wav,Non-canonical
train_1164.wav,Non-canonical
train_1165.wav,Junk
train_1166.wav,Junk
train_1167.wav,Non-canonical
train_1168.wav,Junk
train_1169.wav,Junk
train_1170.wav,Junk
train_1171.wav,Junk
train_1172.wav,Canonical
train_1173.wav,Non-canonical
train_1174.wav,Crying
train_1175.wav,Crying
train_1176.wav,Crying
train_1177.wav,Junk
train_1178.wav,Junk
train_1179.wav,Junk
train_1180.wav,Junk
train_1181.wav,Non-canonical
train_1182.wav,Junk
train_1183.wav,Non-canonical
train_1184.wav,Junk
train_1185.wav,Crying
train_1186.wav,Junk
train_1187.wav,Junk
train_1188.wav,Non-canonical
train_1189.wav,Junk
train_1190.wav,Non-canonical
train_1191.wav,Junk
train_1192.wav,Junk
train_1193.wav,Junk
train_1194.wav,Non-canonical
train_1195.wav,Non-canonical
train_1196.wav,Canonical
train_1197.wav,Non-canonical
train_1198.wav,Non-canonical
train_1199.wav,Junk
train_1200.wav,Crying
train_1201.wav,Junk
train_1202.wav,Non-canonical
train_1203.wav,Non-canonical
train_1204.wav,Crying
train_1205.wav,Non-canonical
train_1206.wav,Non-canonical
train_1207.wav,Junk
train_1208.wav,Crying
train_1209.wav,Crying
train_1210.wav,Non-canonical
train_1211.wav,Canonical
train_1212.wav,Non-canonical
train_1213.wav,Non-canonical
train_1214.wav,Non-canonical
train_1215.wav,Non-canonical
train_1216.wav,Junk
train_1217.wav,Non-canonical
train_1218.wav,Junk
train_1219.wav,Junk
train_1220.wav,Non-canonical
train_1221.wav,Junk
train_1222.wav,Junk
train_1223.wav,Junk
train_1224.wav,Canonical
train_1225.wav,Non-canonical
train_1226.wav,Non-canonical
train_1227.wav,Non-canonical
train_1228.wav,Crying
train_1229.wav,Junk
train_1230.wav,Non-canonical
train_1231.wav,Junk
train_1232.wav,Junk
train_1233.wav,Non-canonical
train_1234.wav,Non-canonical
train_1235.wav,Junk
train_1236.wav,Canonical
train_1237.wav,Junk
train_1238.wav,Junk
train_1239.wav,Junk
train_1240.wav,Non-canonical
train_1241.wav,Junk
train_1242.wav,Junk
train_1243.wav,Junk
train_1244.wav,Junk
train_1245.wav,Canonical
train_1246.wav,Junk
train_1247.wav,Canonical
train_1248.wav,Junk
train_1249.wav,Junk
train_1250.wav,Non-canonical
train_1251.wav,Junk
train_1252.wav,Canonical
train_1253.wav,Junk
train_1254.wav,Junk
train_1255.wav,Junk
train_1256.wav,Non-canonical
train_1257.wav,Junk
train_1258.wav,Junk
train_1259.wav,Canonical
train_1260.wav,Junk
train_1261.wav,Non-canonical
train_1262.wav,Junk
train_1263.wav,Crying
train_1264.wav,Junk
train_1265.wav,Non-canonical
train_1266.wav,Junk
train_1267.wav,Non-canonical
train_1268.wav,Junk
train_1269.wav,Junk
train_1270.wav,Junk
train_1271.wav,Junk
train_1272.wav,Junk
train_1273.wav,Canonical
train_1274.wav,Non-canonical
train_1275.wav,Junk
train_1276.wav,Junk
train_1277.wav,Junk
train_1278.wav,Junk
train_1279.wav,Non-canonical
train_1280.wav,Non-canonical
train_1281.wav,Junk
train_1282.wav,Non-canonical
train_1283.wav,Canonical
train_1284.wav,Canonical
train_1285.wav,Junk
train_1286.wav,Non-canonical
train_1287.wav,Non-canonical
train_1288.wav,Junk
train_1289.wav,Non-canonical
train_1290.wav,Non-canonical
train_1291.wav,Non-canonical
train_1292.wav,Canonical
train_1293.wav,Non-canonical
train_1294.wav,Canonical
train_1295.wav,Junk
train_1296.wav,Junk
train_1297.wav,Junk
train_1298.wav,Non-canonical
train_1299.wav,Junk
train_1300.wav,Canonical
train_1301.wav,Canonical
train_1302.wav,Junk
train_1303.wav,Non-canonical
train_1304.wav,Junk
train_1305.wav,Junk
train_1306.wav,Junk
train_1307.wav,Non-canonical
train_1308.wav,Non-canonical
train_1309.wav,Junk
train_1310.wav,Junk
train_1311.wav,Non-canonical
train_1312.wav,Canonical
train_1313.wav,Non-canonical
train_1314.wav,Junk
train_1315.wav,Junk
train_1316.wav,Junk
train_1317.wav,Junk
train_1318.wav,Junk
train_1319.wav,Junk
train_1320.wav,Non-canonical
train_1321.wav,Junk
train_1322.wav,Crying
train_1323.wav,Junk
train_1324.wav,Laughing
train_1325.wav,Canonical
train_1326.wav,Junk
train_1327.wav,Non-canonical
train_1328.wav,Junk
train_1329.wav,Non-canonical
train_1330.wav,Canonical
train_1331.wav,Non-canonical
train_1332.wav,Non-canonical
train_1333.wav,Junk
train_1334.wav,Junk
train_1335.wav,Junk
train_1336.wav,Junk
train_1337.wav,Non-canonical
train_1338.wav,Junk
train_1339.wav,Non-canonical
train_1340.wav,Junk
train_1341.wav,Canonical
train_1342.wav,Junk
train_1343.wav,Non-canonical
train_1344.wav,Junk
train_1345.wav,Junk
train_1346.wav,Non-canonical
train_1347.wav,Junk
train_1348.wav,Non-canonical
train_1349.wav,Junk
train_1350.wav,Non-canonical
train_1351.wav,Junk
train_1352.wav,Canonical
train_1353.wav,Junk
train_1354.wav,Non-canonical
train_1355.wav,Non-canonical
train_1356.wav,Non-canonical
train_1357.wav,Junk
train_1358.wav,Junk
train_1359.wav,Junk
train_1360.wav,Non-canonical
train_1361.wav,Non-canonical
train_1362.wav,Junk
train_1363.wav,Non-canonical
train_1364.wav,Junk
train_1365.wav,Canonical
train_1366.wav,Junk
train_1367.wav,Non-canonical
train_1368.wav,Crying
train_1369.wav,Canonical
train_1370.wav,Junk
train_1371.wav,Non-canonical
train_1372.wav,Junk
train_1373.wav,Junk
train_1374.wav,Junk
train_1375.wav,Junk
train_1376.wav,Crying
train_1377.wav,Non-canonical
train_1378.wav,Non-canonical
train_1379.wav,Non-canonical
train_1380.wav,Non-canonical
train_1381.wav,Non-canonical
train_1382.wav,Canonical
train_1383.wav,Junk
train_1384.wav,Junk
train_1385.wav,Non-canonical
train_1386.wav,Crying
train_1387.wav,Non-canonical
train_1388.wav,Non-canonical
train_1389.wav,Non-canonical
train_1390.wav,Non-canonical
train_1391.wav,Non-canonical
train_1392.wav,Non-canonical
train_1393.wav,Non-canonical
train_1394.wav,Junk
train_1395.wav,Junk
train_1396.wav,Junk
train_1397.wav,Junk
train_1398.wav,Canonical
train_1399.wav,Non-canonical
train_1400.wav,Junk
train_1401.wav,Canonical
train_1402.wav,Non-canonical
train_1403.wav,Junk
train_1404.wav,Canonical
train_1405.wav,Junk
train_1406.wav,Junk
train_1407.wav,Junk
train_1408.wav,Junk
train_1409.wav,Non-canonical
train_1410.wav,Junk
train_1411.wav,Junk
train_1412.wav,Junk
train_1413.wav,Junk
train_1414.wav,Junk
train_1415.wav,Canonical
train_1416.wav,Junk
train_1417.wav,Canonical
train_1418.wav,Junk
train_1419.wav,Non-canonical
train_1420.wav,Laughing
train_1421.wav,Junk
train_1422.wav,Crying
train_1423.wav,Non-canonical
train_1424.wav,Junk
train_1425.wav,Junk
train_1426.wav,Non-canonical
train_1427.wav,Non-canonical
train_1428.wav,Junk
train_1429.wav,Canonical
train_1430.wav,Junk
train_1431.wav,Junk
train_1432.wav,Non-canonical
train_1433.wav,Non-canonical
train_1434.wav,Junk
train_1435.wav,Junk
train_1436.wav,Junk
train_1437.wav,Junk
train_1438.wav,Canonical
train_1439.wav,Non-canonical
train_1440.wav,Non-canonical
train_1441.wav,Non-canonical
train_1442.wav,Non-canonical
train_1443.wav,Junk
train_1444.wav,Laughing
train_1445.wav,Junk
train_1446.wav,Junk
train_1447.wav,Non-canonical
train_1448.wav,Canonical
train_1449.wav,Junk
train_1450.wav,Junk
train_1451.wav,Non-canonical
train_1452.wav,Laughing
train_1453.wav,Non-canonical
train_1454.wav,Junk
train_1455.wav,Non-canonical
train_1456.wav,Non-canonical
train_1457.wav,Junk
train_1458.wav,Laughing
train_1459.wav,Canonical
train_1460.wav,Non-canonical
train_1461.wav,Non-canonical
train_1462.wav,Non-canonical
train_1463.wav,Junk
train_1464.wav,Junk
train_1465.wav,Junk
train_1466.wav,Junk
train_1467.wav,Non-canonical
train_1468.wav,Non-canonical
train_1469.wav,Non-canonical
train_1470.wav,Non-canonical
train_1471.wav,Crying
train_1472.wav,Crying
train_1473.wav,Junk
train_1474.wav,Non-canonical
train_1475.wav,Junk
train_1476.wav,Canonical
train_1477.wav,Laughing
train_1478.wav,Canonical
train_1479.wav,Non-canonical
train_1480.wav,Non-canonical
train_1481.wav,Junk
train_1482.wav,Junk
train_1483.wav,Non-canonical
train_1484.wav,Non-canonical
train_1485.wav,Junk
train_1486.wav,Non-canonical
train_1487.wav,Non-canonical
train_1488.wav,Non-canonical
train_1489.wav,Non-canonical
train_1490.wav,Junk
train_1491.wav,Junk
train_1492.wav,Junk
train_1493.wav,Junk
train_1494.wav,Non-canonical
train_1495.wav,Junk
train_1496.wav,Junk
train_1497.wav,Non-canonical
train_1498.wav,Non-canonical
train_1499.wav,Canonical
train_1500.wav,Junk
train_1501.wav,Canonical
train_1502.wav,Non-canonical
train_1503.wav,Non-canonical
train_1504.wav,Canonical
train_1505.wav,Junk
train_1506.wav,Junk
train_1507.wav,Non-canonical
train_1508.wav,Canonical
train_1509.wav,Canonical
train_1510.wav,Non-canonical
train_1511.wav,Crying
train_1512.wav,Non-canonical
train_1513.wav,Canonical
train_1514.wav,Junk
train_1515.wav,Crying
train_1516.wav,Non-canonical
train_1517.wav,Junk
train_1518.wav,Non-canonical
train_1519.wav,Non-canonical
train_1520.wav,Crying
train_1521.wav,Non-canonical
train_1522.wav,Junk
train_1523.wav,Junk
train_1524.wav,Junk
train_1525.wav,Non-canonical
train_1526.wav,Junk
train_1527.wav,Junk
train_1528.wav,Canonical
train_1529.wav,Junk
train_1530.wav,Non-canonical
train_1531.wav,Junk
train_1532.wav,Junk
train_1533.wav,Junk
train_1534.wav,Canonical
train_1535.wav,Canonical
train_1536.wav,Junk
train_1537.wav,Non-canonical
train_1538.wav,Non-canonical
train_1539.wav,Junk
train_1540.wav,Junk
train_1541.wav,Junk
train_1542.wav,Non-canonical
train_1543.wav,Junk
train_1544.wav,Non-canonical
train_1545.wav,Junk
train_1546.wav,Non-canonical
train_1547.wav,Non-canonical
train_1548.wav,Junk
train_1549.wav,Laughing
train_1550.wav,Junk
train_1551.wav,Canonical
train_1552.wav,Junk
train_1553.wav,Junk
train_1554.wav,Junk
train_1555.wav,Junk
train_1556.wav,Junk
train_1557.wav,Canonical
train_1558.wav,Non-canonical
train_1559.wav,Canonical
train_1560.wav,Non-canonical
train_1561.wav,Crying
train_1562.wav,Junk
train_1563.wav,Non-canonical
train_1564.wav,Non-canonical
train_1565.wav,Junk
train_1566.wav,Non-canonical
train_1567.wav,Crying
train_1568.wav,Crying
train_1569.wav,Junk
train_1570.wav,Junk
train_1571.wav,Non-canonical
train_1572.wav,Junk
train_1573.wav,Non-canonical
train_1574.wav,Junk
train_1575.wav,Junk
train_1576.wav,Non-canonical
train_1577.wav,Junk
train_1578.wav,Laughing
train_1579.wav,Junk
train_1580.wav,Junk
train_1581.wav,Canonical
train_1582.wav,Non-canonical
train_1583.wav,Non-canonical
train_1584.wav,Junk
train_1585.wav,Junk
train_1586.wav,Junk
train_1587.wav,Non-canonical
train_1588.wav,Non-canonical
train_1589.wav,Non-canonical
train_1590.wav,Non-canonical
train_1591.wav,Junk
train_1592.wav,Junk
train_1593.wav,Junk
train_1594.wav,Junk
train_1595.wav,Canonical
train_1596.wav,Junk
train_1597.wav,Crying
train_1598.wav,Non-canonical
train_1599.wav,Non-canonical
train_1600.wav,Junk
train_1601.wav,Canonical
train_1602.wav,Junk
train_1603.wav,Junk
train_1604.wav,Junk
train_1605.wav,Non-canonical
train_1606.wav,Junk
train_1607.wav,Non-canonical
train_1608.wav,Junk
train_1609.wav,Crying
train_1610.wav,Junk
train_1611.wav,Junk
train_1612.wav,Junk
train_1613.wav,Junk
train_1614.wav,Junk
train_1615.wav,Non-canonical
train_1616.wav,Junk
train_1617.wav,Crying
train_1618.wav,Crying
train_1619.wav,Canonical
train_1620.wav,Junk
train_1621.wav,Non-canonical
train_1622.wav,Junk
train_1623.wav,Non-canonical
train_1624.wav,Junk
train_1625.wav,Non-canonical
train_1626.wav,Junk
train_1627.wav,Junk
train_1628.wav,Junk
train_1629.wav,Junk
train_1630.wav,Canonical
train_1631.wav,Non-canonical
train_1632.wav,Non-canonical
train_1633.wav,Non-canonical
train_1634.wav,Junk
train_1635.wav,Junk
train_1636.wav,Non-canonical
train_1637.wav,Non-canonical
train_1638.wav,Crying
train_1639.wav,Junk
train_1640.wav,Junk
train_1641.wav,Junk
train_1642.wav,Junk
train_1643.wav,Non-canonical
train_1644.wav,Non-canonical
train_1645.wav,Non-canonical
train_1646.wav,Junk
train_1647.wav,Junk
train_1648.wav,Junk
train_1649.wav,Junk
train_1650.wav,Canonical
train_1651.wav,Junk
train_1652.wav,Non-canonical
train_1653.wav,Canonical
train_1654.wav,Junk
train_1655.wav,Junk
train_1656.wav,Crying
train_1657.wav,Laughing
train_1658.wav,Non-canonical
train_1659.wav,Non-canonical
train_1660.wav,Junk
train_1661.wav,Junk
train_1662.wav,Junk
train_1663.wav,Non-canonical
train_1664.wav,Non-canonical
train_1665.wav,Canonical
train_1666.wav,Junk
train_1667.wav,Non-canonical
train_1668.wav,Junk
train_1669.wav,Junk
train_1670.wav,Junk
train_1671.wav,Junk
train_1672.wav,Junk
train_1673.wav,Canonical
train_1674.wav,Junk
train_1675.wav,Non-canonical
train_1676.wav,Junk
train_1677.wav,Non-canonical
train_1678.wav,Junk
train_1679.wav,Canonical
train_1680.wav,Non-canonical
train_1681.wav,Junk
train_1682.wav,Junk
train_1683.wav,Canonical
train_1684.wav,Junk
train_1685.wav,Crying
train_1686.wav,Canonical
train_1687.wav,Junk
train_1688.wav,Junk
train_1689.wav,Canonical
train_1690.wav,Canonical
train_1691.wav,Non-canonical
train_1692.wav,Crying
train_1693.wav,Junk
train_1694.wav,Crying
train_1695.wav,Crying
train_1696.wav,Junk
train_1697.wav,Junk
train_1698.wav,Non-canonical
train_1699.wav,Junk
train_1700.wav,Canonical
train_1701.wav,Junk
train_1702.wav,Junk
train_1703.wav,Non-canonical
train_1704.wav,Non-canonical
train_1705.wav,Non-canonical
train_1706.wav,Non-canonical
train_1707.wav,Junk
train_1708.wav,Non-canonical
train_1709.wav,Junk
train_1710.wav,Junk
train_1711.wav,Non-canonical
train_1712.wav,Junk
train_1713.wav,Non-canonical
train_1714.wav,Non-canonical
train_1715.wav,Junk
train_1716.wav,Non-canonical
train_1717.wav,Crying
train_1718.wav,Junk
train_1719.wav,Junk
train_1720.wav,Non-canonical
train_1721.wav,Crying
train_1722.wav,Junk
train_1723.wav,Junk
train_1724.wav,Canonical
train_1725.wav,Crying
train_1726.wav,Junk
train_1727.wav,Crying
train_1728.wav,Junk
train_1729.wav,Junk
train_1730.wav,Canonical
train_1731.wav,Non-canonical
train_1732.wav,Non-canonical
train_1733.wav,Laughing
train_1734.wav,Junk
train_1735.wav,Canonical
train_1736.wav,Junk
train_1737.wav,Junk
train_1738.wav,Junk
train_1739.wav,Canonical
train_1740.wav,Junk
train_1741.wav,Junk
train_1742.wav,Canonical
train_1743.wav,Canonical
train_1744.wav,Canonical
train_1745.wav,Junk
train_1746.wav,Junk
train_1747.wav,Non-canonical
train_1748.wav,Junk
train_1749.wav,Junk
train_1750.wav,Junk
train_1751.wav,Junk
train_1752.wav,Laughing
train_1753.wav,Non-canonical
train_1754.wav,Junk
train_1755.wav,Junk
train_1756.wav,Junk
train_1757.wav,Junk
train_1758.wav,Junk
train_1759.wav,Non-canonical
train_1760.wav,Junk
train_1761.wav,Non-canonical
train_1762.wav,Junk
train_1763.wav,Laughing
train_1764.wav,Non-canonical
train_1765.wav,Junk
train_1766.wav,Junk
train_1767.wav,Junk
train_1768.wav,Non-canonical
train_1769.wav,Junk
train_1770.wav,Junk
train_1771.wav,Junk
train_1772.wav,Non-canonical
train_1773.wav,Non-canonical
train_1774.wav,Junk
train_1775.wav,Non-canonical
train_1776.wav,Non-canonical
train_1777.wav,Junk
train_1778.wav,Canonical
train_1779.wav,Non-canonical
train_1780.wav,Crying
train_1781.wav,Canonical
train_1782.wav,Crying
train_1783.wav,Non-canonical
train_1784.wav,Non-canonical
train_1785.wav,Non-canonical
train_1786.wav,Junk
train_1787.wav,Junk
train_1788.wav,Junk
train_1789.wav,Junk
train_1790.wav,Non-canonical
train_1791.wav,Non-canonical
train_1792.wav,Junk
train_1793.wav,Non-canonical
train_1794.wav,Non-canonical
train_1795.wav,Junk
train_1796.wav,Canonical
train_1797.wav,Canonical
train_1798.wav,Junk
train_1799.wav,Junk
train_1800.wav,Non-canonical
train_1801.wav,Junk
train_1802.wav,Non-canonical
train_1803.wav,Non-canonical
train_1804.wav,Junk
train_1805.wav,Non-canonical
train_1806.wav,Junk
train_1807.wav,Non-canonical
train_1808.wav,Junk
train_1809.wav,Non-canonical
train_1810.wav,Non-canonical
train_1811.wav,Non-canonical
train_1812.wav,Junk
train_1813.wav,Junk
train_1814.wav,Non-canonical
train_1815.wav,Crying
train_1816.wav,Non-canonical
train_1817.wav,Junk
train_1818.wav,Non-canonical
train_1819.wav,Junk
train_1820.wav,Non-canonical
train_1821.wav,Junk
train_1822.wav,Non-canonical
train_1823.wav,Non-canonical
train_1824.wav,Non-canonical
train_1825.wav,Junk
train_1826.wav,Junk
train_1827.wav,Junk
train_1828.wav,Junk
train_1829.wav,Non-canonical
train_1830.wav,Junk
train_1831.wav,Junk
train_1832.wav,Non-canonical
train_1833.wav,Junk
train_1834.wav,Laughing
train_1835.wav,Canonical
train_1836.wav,Junk
train_1837.wav,Crying
train_1838.wav,Non-canonical
train_1839.wav,Junk
train_1840.wav,Non-canonical
train_1841.wav,Junk
train_1842.wav,Non-canonical
train_1843.wav,Non-canonical
train_1844.wav,Non-canonical
train_1845.wav,Junk
train_1846.wav,Non-canonical
train_1847.wav,Junk
train_1848.wav,Junk
train_1849.wav,Non-canonical
train_1850.wav,Laughing
train_1851.wav,Junk
train_1852.wav,Non-canonical
train_1853.wav,Junk
train_1854.wav,Junk
train_1855.wav,Junk
train_1856.wav,Non-canonical
train_1857.wav,Junk
train_1858.wav,Crying
train_1859.wav,Canonical
train_1860.wav,Junk
train_1861.wav,Junk
train_1862.wav,Junk
train_1863.wav,Crying
train_1864.wav,Junk
train_1865.wav,Crying
train_1866.wav,Non-canonical
train_1867.wav,Junk
train_1868.wav,Non-canonical
train_1869.wav,Junk
train_1870.wav,Junk
train_1871.wav,Non-canonical
train_1872.wav,Junk
train_1873.wav,Junk
train_1874.wav,Junk
train_1875.wav,Laughing
train_1876.wav,Non-canonical
train_1877.wav,Non-canonical
train_1878.wav,Non-canonical
train_1879.wav,Junk
train_1880.wav,Junk
train_1881.wav,Laughing
train_1882.wav,Canonical
train_1883.wav,Non-canonical
train_1884.wav,Junk
train_1885.wav,Junk
train_1886.wav,Non-canonical
train_1887.wav,Non-canonical
train_1888.wav,Junk
train_1889.wav,Canonical
train_1890.wav,Non-canonical
train_1891.wav,Junk
train_1892.wav,Non-canonical
train_1893.wav,Non-canonical
train_1894.wav,Non-canonical
train_1895.wav,Canonical
train_1896.wav,Non-canonical
train_1897.wav,Junk
train_1898.wav,Non-canonical
train_1899.wav,Junk
train_1900.wav,Junk
train_1901.wav,Non-canonical
train_1902.wav,Non-canonical
train_1903.wav,Non-canonical
train_1904.wav,Non-canonical
train_1905.wav,Non-canonical
train_1906.wav,Crying
train_1907.wav,Junk
train_1908.wav,Junk
train_1909.wav,Junk
train_1910.wav,Junk
train_1911.wav,Junk
train_1912.wav,Junk
train_1913.wav,Non-canonical
train_1914.wav,Non-canonical
train_1915.wav,Canonical
train_1916.wav,Junk
train_1917.wav,Junk
train_1918.wav,Non-canonical
train_1919.wav,Canonical
train_1920.wav,Junk
train_1921.wav,Junk
train_1922.wav,Non-canonical
train_1923.wav,Canonical
train_1924.wav,Junk
train_1925.wav,Non-canonical
train_1926.wav,Non-canonical
train_1927.wav,Junk
train_1928.wav,Laughing
train_1929.wav,Junk
train_1930.wav,Crying
train_1931.wav,Non-canonical
train_1932.wav,Canonical
train_1933.wav,Junk
train_1934.wav,Junk
train_1935.wav,Non-canonical
train_1936.wav,Junk
train_1937.wav,Junk
train_1938.wav,Junk
train_1939.wav,Junk
train_1940.wav,Junk
train_1941.wav,Junk
train_1942.wav,Junk
train_1943.wav,Non-canonical
train_1944.wav,Non-canonical
train_1945.wav,Junk
train_1946.wav,Junk
train_1947.wav,Non-canonical
train_1948.wav,Junk
train_1949.wav,Junk
train_1950.wav,Junk
train_1951.wav,Junk
train_1952.wav,Non-canonical
train_1953.wav,Crying
train_1954.wav,Canonical
train_1955.wav,Non-canonical
train_1956.wav,Canonical
train_1957.wav,Non-canonical
train_1958.wav,Canonical
train_1959.wav,Junk
train_1960.wav,Canonical
train_1961.wav,Junk
train_1962.wav,Non-canonical
train_1963.wav,Non-canonical
train_1964.wav,Canonical
train_1965.wav,Non-canonical
train_1966.wav,Non-canonical
train_1967.wav,Junk
train_1968.wav,Non-canonical
train_1969.wav,Non-canonical
train_1970.wav,Canonical
train_1971.wav,Non-canonical
train_1972.wav,Junk
train_1973.wav,Junk
train_1974.wav,Non-canonical
train_1975.wav,Junk
train_1976.wav,Canonical
train_1977.wav,Non-canonical
train_1978.wav,Junk
train_1979.wav,Junk
train_1980.wav,Non-canonical
train_1981.wav,Non-canonical
train_1982.wav,Crying
train_1983.wav,Junk
train_1984.wav,Junk
train_1985.wav,Junk
train_1986.wav,Junk
train_1987.wav,Non-canonical
train_1988.wav,Junk
train_1989.wav,Non-canonical
train_1990.wav,Canonical
train_1991.wav,Canonical
train_1992.wav,Junk
train_1993.wav,Junk
train_1994.wav,Non-canonical
train_1995.wav,Junk
train_1996.wav,Junk
train_1997.wav,Crying
train_1998.wav,Non-canonical
train_1999.wav,Crying
train_2000.wav,Canonical
train_2001.wav,Non-canonical
train_2002.wav,Junk
train_2003.wav,Non-canonical
train_2004.wav,Canonical
train_2005.wav,Crying
train_2006.wav,Canonical
train_2007.wav,Canonical
train_2008.wav,Non-canonical
train_2009.wav,Junk
train_2010.wav,Canonical
train_2011.wav,Junk
train_2012.wav,Crying
train_2013.wav,Non-canonical
train_2014.wav,Junk
train_2015.wav,Non-canonical
train_2016.wav,Non-canonical
train_2017.wav,Crying
train_2018.wav,Non-canonical
train_2019.wav,Canonical
train_2020.wav,Non-canonical
train_2021.wav,Canonical
train_2022.wav,Canonical
train_2023.wav,Non-canonical
train_2024.wav,Non-canonical
train_2025.wav,Junk
train_2026.wav,Non-canonical
train_2027.wav,Non-canonical
train_2028.wav,Non-canonical
train_2029.wav,Junk
train_2030.wav,Non-canonical
train_2031.wav,Non-canonical
train_2032.wav,Junk
train_2033.wav,Canonical
train_2034.wav,Junk
train_2035.wav,Junk
train_2036.wav,Junk
train_2037.wav,Non-canonical
train_2038.wav,Junk
train_2039.wav,Junk
train_2040.wav,Non-canonical
train_2041.wav,Junk
train_2042.wav,Junk
train_2043.wav,Non-canonical
train_2044.wav,Junk
train_2045.wav,Laughing
train_2046.wav,Non-canonical
train_2047.wav,Non-canonical
train_2048.wav,Junk
train_2049.wav,Junk
train_2050.wav,Non-canonical
train_2051.wav,Canonical
train_2052.wav,Non-canonical
train_2053.wav,Non-canonical
train_2054.wav,Junk
train_2055.wav,Non-canonical
train_2056.wav,Junk
train_2057.wav,Crying
train_2058.wav,Junk
train_2059.wav,Canonical
train_2060.wav,Junk
train_2061.wav,Junk
train_2062.wav,Non-canonical
train_2063.wav,Junk
train_2064.wav,Canonical
train_2065.wav,Junk
train_2066.wav,Non-canonical
train_2067.wav,Non-canonical
train_2068.wav,Junk
train_2069.wav,Canonical
train_2070.wav,Non-canonical
train_2071.wav,Crying
train_2072.wav,Non-canonical
train_2073.wav,Junk
train_2074.wav,Junk
train_2075.wav,Junk
train_2076.wav,Non-canonical
train_2077.wav,Non-canonical
train_2078.wav,Non-canonical
train_2079.wav,Junk
train_2080.wav,Junk
train_2081.wav,Junk
train_2082.wav,Non-canonical
train_2083.wav,Non-canonical
train_2084.wav,Junk
train_2085.wav,Non-canonical
train_2086.wav,Non-canonical
train_2087.wav,Canonical
train_2088.wav,Junk
train_2089.wav,Non-canonical
train_2090.wav,Junk
train_2091.wav,Non-canonical
train_2092.wav,Junk
train_2093.wav,Junk
train_2094.wav,Junk
train_2095.wav,Junk
train_2096.wav,Canonical
train_2097.wav,Non-canonical
train_2098.wav,Non-canonical
train_2099.wav,Junk
train_2100.wav,Crying
train_2101.wav,Junk
train_2102.wav,Junk
train_2103.wav,Junk
train_2104.wav,Non-canonical
train_2105.wav,Junk
train_2106.wav,Non-canonical
train_2107.wav,Non-canonical
train_2108.wav,Junk
train_2109.wav,Junk
train_2110.wav,Non-canonical
train_2111.wav,Canonical
train_2112.wav,Junk
train_2113.wav,Non-canonical
train_2114.wav,Non-canonical
train_2115.wav,Junk
train_2116.wav,Junk
train_2117.wav,Junk
train_2118.wav,Junk
train_2119.wav,Junk
train_2120.wav,Junk
train_2121.wav,Non-canonical
train_2122.wav,Canonical
train_2123.wav,Canonical
train_2124.wav,Junk
train_2125.wav,Junk
train_2126.wav,Crying
train_2127.wav,Junk
train_2128.wav,Canonical
train_2129.wav,Junk
train_2130.wav,Junk
train_2131.wav,Junk
train_2132.wav,Non-canonical
train_2133.wav,Canonical
train_2134.wav,Junk
train_2135.wav,Crying
train_2136.wav,Junk
train_2137.wav,Non-canonical
train_2138.wav,Junk
train_2139.wav,Non-canonical
train_2140.wav,Non-canonical
train_2141.wav,Junk
train_2142.wav,Non-canonical
train_2143.wav,Non-canonical
train_2144.wav,Junk
train_2145.wav,Non-canonical
train_2146.wav,Non-canonical
train_2147.wav,Junk
train_2148.wav,Non-canonical
train_2149.wav,Canonical
train_2150.wav,Junk
train_2151.wav,Crying
train_2152.wav,Non-canonical
train_2153.wav,Crying
train_2154.wav,Junk
train_2155.wav,Junk
train_2156.wav,Non-canonical
train_2157.wav,Junk
train_2158.wav,Canonical
train_2159.wav,Canonical
train_2160.wav,Non-canonical
train_2161.wav,Canonical
train_2162.wav,Non-canonical
train_2163.wav,Junk
train_2164.wav,Junk
train_2165.wav,Non-canonical
train_2166.wav,Non-canonical
train_2167.wav,Junk
train_2168.wav,Junk
train_2169.wav,Junk
train_2170.wav,Canonical
train_2171.wav,Junk
train_2172.wav,Junk
train_2173.wav,Laughing
train_2174.wav,Junk
train_2175.wav,Junk
train_2176.wav,Junk
train_2177.wav,Non-canonical
train_2178.wav,Junk
train_2179.wav,Junk
train_2180.wav,Junk
train_2181.wav,Non-canonical
train_2182.wav,Junk
train_2183.wav,Canonical
train_2184.wav,Junk
train_2185.wav,Non-canonical
train_2186.wav,Junk
train_2187.wav,Non-canonical
train_2188.wav,Non-canonical
train_2189.wav,Junk
train_2190.wav,Junk
train_2191.wav,Non-canonical
train_2192.wav,Canonical
train_2193.wav,Junk
train_2194.wav,Non-canonical
train_2195.wav,Non-canonical
train_2196.wav,Non-canonical
train_2197.wav,Junk
train_2198.wav,Junk
train_2199.wav,Junk
train_2200.wav,Non-canonical
train_2201.wav,Junk
train_2202.wav,Canonical
train_2203.wav,Junk
train_2204.wav,Junk
train_2205.wav,Junk
train_2206.wav,Non-canonical
train_2207.wav,Non-canonical
train_2208.wav,Junk
train_2209.wav,Non-canonical
train_2210.wav,Non-canonical
train_2211.wav,Non-canonical
train_2212.wav,Non-canonical
train_2213.wav,Junk
train_2214.wav,Junk
train_2215.wav,Junk
train_2216.wav,Junk
train_2217.wav,Junk
train_2218.wav,Junk
train_2219.wav,Non-canonical
train_2220.wav,Non-canonical
train_2221.wav,Non-canonical
train_2222.wav,Junk
train_2223.wav,Non-canonical
train_2224.wav,Non-canonical
train_2225.wav,Crying
train_2226.wav,Non-canonical
train_2227.wav,Non-canonical
train_2228.wav,Crying
train_2229.wav,Non-canonical
train_2230.wav,Junk
train_2231.wav,Non-canonical
train_2232.wav,Non-canonical
train_2233.wav,Canonical
train_2234.wav,Junk
train_2235.wav,Crying
train_2236.wav,Junk
train_2237.wav,Junk
train_2238.wav,Non-canonical
train_2239.wav,Non-canonical
train_2240.wav,Non-canonical
train_2241.wav,Canonical
train_2242.wav,Non-canonical
train_2243.wav,Non-canonical
train_2244.wav,Non-canonical
train_2245.wav,Non-canonical
train_2246.wav,Non-canonical
train_2247.wav,Canonical
train_2248.wav,Junk
train_2249.wav,Canonical
train_2250.wav,Junk
train_2251.wav,Junk
train_2252.wav,Non-canonical
train_2253.wav,Junk
train_2254.wav,Junk
train_2255.wav,Non-canonical
train_2256.wav,Non-canonical
train_2257.wav,Non-canonical
train_2258.wav,Junk
train_2259.wav,Canonical
train_2260.wav,Junk
train_2261.wav,Non-canonical
train_2262.wav,Non-canonical
train_2263.wav,Non-canonical
train_2264.wav,Non-canonical
train_2265.wav,Non-canonical
train_2266.wav,Non-canonical
train_2267.wav,Non-canonical
train_2268.wav,Non-canonical
train_2269.wav,Non-canonical
train_2270.wav,Crying
train_2271.wav,Junk
train_2272.wav,Junk
train_2273.wav,Junk
train_2274.wav,Canonical
train_2275.wav,Non-canonical
train_2276.wav,Non-canonical
train_2277.wav,Non-canonical
train_2278.wav,Junk
train_2279.wav,Junk
train_2280.wav,Junk
train_2281.wav,Non-canonical
train_2282.wav,Canonical
train_2283.wav,Non-canonical
train_2284.wav,Non-canonical
train_2285.wav,Non-canonical
train_2286.wav,Non-canonical
train_2287.wav,Non-canonical
train_2288.wav,Non-canonical
train_2289.wav,Non-canonical
train_2290.wav,Non-canonical
train_2291.wav,Junk
train_2292.wav,Crying
train_2293.wav,Non-canonical
train_2294.wav,Non-canonical
train_2295.wav,Junk
train_2296.wav,Junk
train_2297.wav,Non-canonical
train_2298.wav,Junk
train_2299.wav,Junk
train_2300.wav,Junk
train_2301.wav,Junk
train_2302.wav,Junk
train_2303.wav,Non-canonical
train_2304.wav,Non-canonical
train_2305.wav,Non-canonical
train_2306.wav,Canonical
train_2307.wav,Non-canonical
train_2308.wav,Non-canonical
train_2309.wav,Non-canonical
train_2310.wav,Canonical
train_2311.wav,Non-canonical
train_2312.wav,Crying
train_2313.wav,Non-canonical
train_2314.wav,Non-canonical
train_2315.wav,Junk
train_2316.wav,Non-canonical
train_2317.wav,Crying
train_2318.wav,Junk
train_2319.wav,Junk
train_2320.wav,Junk
train_2321.wav,Junk
train_2322.wav,Junk
train_2323.wav,Junk
train_2324.wav,Junk
train_2325.wav,Junk
train_2326.wav,Junk
train_2327.wav,Crying
train_2328.wav,Junk
train_2329.wav,Non-canonical
train_2330.wav,Canonical
train_2331.wav,Non-canonical
train_2332.wav,Canonical
train_2333.wav,Crying
train_2334.wav,Junk
train_2335.wav,Junk
train_2336.wav,Junk
train_2337.wav,Canonical
train_2338.wav,Junk
train_2339.wav,Non-canonical
train_2340.wav,Junk
train_2341.wav,Junk
train_2342.wav,Junk
train_2343.wav,Junk
train_2344.wav,Crying
train_2345.wav,Junk
train_2346.wav,Junk
train_2347.wav,Non-canonical
train_2348.wav,Junk
train_2349.wav,Non-canonical
train_2350.wav,Non-canonical
train_2351.wav,Junk
train_2352.wav,Junk
train_2353.wav,Junk
train_2354.wav,Crying
train_2355.wav,Crying
train_2356.wav,Non-canonical
train_2357.wav,Junk
train_2358.wav,Junk
train_2359.wav,Non-canonical
train_2360.wav,Non-canonical
train_2361.wav,Non-canonical
train_2362.wav,Junk
train_2363.wav,Junk
train_2364.wav,Junk
train_2365.wav,Junk
train_2366.wav,Junk
train_2367.wav,Non-canonical
train_2368.wav,Non-canonical
train_2369.wav,Non-canonical
train_2370.wav,Non-canonical
train_2371.wav,Non-canonical
train_2372.wav,Canonical
train_2373.wav,Junk
train_2374.wav,Crying
train_2375.wav,Non-canonical
train_2376.wav,Junk
train_2377.wav,Non-canonical
train_2378.wav,Junk
train_2379.wav,Junk
train_2380.wav,Junk
train_2381.wav,Canonical
train_2382.wav,Junk
train_2383.wav,Junk
train_2384.wav,Crying
train_2385.wav,Non-canonical
train_2386.wav,Non-canonical
train_2387.wav,Crying
train_2388.wav,Non-canonical
train_2389.wav,Canonical
train_2390.wav,Crying
train_2391.wav,Junk
train_2392.wav,Non-canonical
train_2393.wav,Non-canonical
train_2394.wav,Non-canonical
train_2395.wav,Junk
train_2396.wav,Junk
train_2397.wav,Non-canonical
train_2398.wav,Canonical
train_2399.wav,Non-canonical
train_2400.wav,Junk
train_2401.wav,Junk
train_2402.wav,Crying
train_2403.wav,Non-canonical
train_2404.wav,Non-canonical
train_2405.wav,Non-canonical
train_2406.wav,Non-canonical
train_2407.wav,Junk
train_2408.wav,Non-canonical
train_2409.wav,Non-canonical
train_2410.wav,Junk
train_2411.wav,Non-canonical
train_2412.wav,Non-canonical
train_2413.wav,Junk
train_2414.wav,Non-canonical
train_2415.wav,Canonical
train_2416.wav,Non-canonical
train_2417.wav,Non-canonical
train_2418.wav,Non-canonical
train_2419.wav,Non-canonical
train_2420.wav,Non-canonical
train_2421.wav,Non-canonical
train_2422.wav,Non-canonical
train_2423.wav,Junk
train_2424.wav,Junk
train_2425.wav,Non-canonical
train_2426.wav,Junk
train_2427.wav,Non-canonical
train_2428.wav,Junk
train_2429.wav,Canonical
train_2430.wav,Non-canonical
train_2431.wav,Junk
train_2432.wav,Canonical
train_2433.wav,Non-canonical
train_2434.wav,Non-canonical
train_2435.wav,Junk
train_2436.wav,Non-canonical
train_2437.wav,Junk
train_2438.wav,Junk
train_2439.wav,Non-canonical
train_2440.wav,Junk
train_2441.wav,Junk
train_2442.wav,Non-canonical
train_2443.wav,Junk
train_2444.wav,Crying
train_2445.wav,Non-canonical
train_2446.wav,Non-canonical
train_2447.wav,Non-canonical
train_2448.wav,Canonical
train_2449.wav,Crying
train_2450.wav,Non-canonical
train_2451.wav,Junk
train_2452.wav,Canonical
train_2453.wav,Junk
train_2454.wav,Junk
train_2455.wav,Non-canonical
train_2456.wav,Junk
train_2457.wav,Non-canonical
train_2458.wav,Crying
train_2459.wav,Canonical
train_2460.wav,Non-canonical
train_2461.wav,Non-canonical
train_2462.wav,Junk
train_2463.wav,Junk
train_2464.wav,Junk
train_2465.wav,Non-canonical
train_2466.wav,Junk
train_2467.wav,Non-canonical
train_2468.wav,Junk
train_2469.wav,Non-canonical
train_2470.wav,Junk
train_2471.wav,Junk
train_2472.wav,Junk
train_2473.wav,Canonical
train_2474.wav,Non-canonical
train_2475.wav,Junk
train_2476.wav,Junk
train_2477.wav,Non-canonical
train_2478.wav,Laughing
train_2479.wav,Non-canonical
train_2480.wav,Non-canonical
train_2481.wav,Non-canonical
train_2482.wav,Junk
train_2483.wav,Junk
train_2484.wav,Junk
train_2485.wav,Non-canonical
train_2486.wav,Laughing
train_2487.wav,Junk
train_2488.wav,Junk
train_2489.wav,Non-canonical
train_2490.wav,Junk
train_2491.wav,Non-canonical
train_2492.wav,Junk
train_2493.wav,Non-canonical
train_2494.wav,Non-canonical
train_2495.wav,Non-canonical
train_2496.wav,Crying
train_2497.wav,Non-canonical
train_2498.wav,Canonical
train_2499.wav,Non-canonical
train_2500.wav,Non-canonical
train_2501.wav,Canonical
train_2502.wav,Junk
train_2503.wav,Non-canonical
train_2504.wav,Junk
train_2505.wav,Non-canonical
train_2506.wav,Non-canonical
train_2507.wav,Junk
train_2508.wav,Non-canonical
train_2509.wav,Non-canonical
train_2510.wav,Non-canonical
train_2511.wav,Non-canonical
train_2512.wav,Junk
train_2513.wav,Junk
train_2514.wav,Canonical
train_2515.wav,Junk
train_2516.wav,Junk
train_2517.wav,Junk
train_2518.wav,Junk
train_2519.wav,Junk
train_2520.wav,Non-canonical
train_2521.wav,Non-canonical
train_2522.wav,Non-canonical
train_2523.wav,Junk
train_2524.wav,Junk
train_2525.wav,Canonical
train_2526.wav,Junk
train_2527.wav,Non-canonical
train_2528.wav,Non-canonical
train_2529.wav,Canonical
train_2530.wav,Non-canonical
train_2531.wav,Non-canonical
train_2532.wav,Junk
train_2533.wav,Junk
train_2534.wav,Junk
train_2535.wav,Non-canonical
train_2536.wav,Junk
train_2537.wav,Junk
train_2538.wav,Non-canonical
train_2539.wav,Non-canonical
train_2540.wav,Junk
train_2541.wav,Junk
train_2542.wav,Junk
train_2543.wav,Junk
train_2544.wav,Junk
train_2545.wav,Canonical
train_2546.wav,Non-canonical
train_2547.wav,Laughing
train_2548.wav,Non-canonical
train_2549.wav,Canonical
train_2550.wav,Non-canonical
train_2551.wav,Non-canonical
train_2552.wav,Junk
train_2553.wav,Canonical
train_2554.wav,Crying
train_2555.wav,Non-canonical
train_2556.wav,Non-canonical
train_2557.wav,Junk
train_2558.wav,Junk
train_2559.wav,Non-canonical
train_2560.wav,Non-canonical
train_2561.wav,Canonical
train_2562.wav,Non-canonical
train_2563.wav,Junk
train_2564.wav,Junk
train_2565.wav,Canonical
train_2566.wav,Junk
train_2567.wav,Junk
train_2568.wav,Junk
train_2569.wav,Non-canonical
train_2570.wav,Canonical
train_2571.wav,Non-canonical
train_2572.wav,Junk
train_2573.wav,Non-canonical
train_2574.wav,Canonical
train_2575.wav,Laughing
train_2576.wav,Junk
train_2577.wav,Non-canonical
train_2578.wav,Non-canonical
train_2579.wav,Non-canonical
train_2580.wav,Canonical
train_2581.wav,Non-canonical
train_2582.wav,Non-canonical
train_2583.wav,Junk
train_2584.wav,Canonical
train_2585.wav,Non-canonical
train_2586.wav,Non-canonical
train_2587.wav,Canonical
train_2588.wav,Junk
train_2589.wav,Junk
train_2590.wav,Junk
train_2591.wav,Junk
train_2592.wav,Non-canonical
train_2593.wav,Junk
train_2594.wav,Non-canonical
train_2595.wav,Canonical
train_2596.wav,Canonical
train_2597.wav,Junk
train_2598.wav,Junk
train_2599.wav,Non-canonical
train_2600.wav,Non-canonical
train_2601.wav,Canonical
train_2602.wav,Junk
train_2603.wav,Junk
train_2604.wav,Junk
train_2605.wav,Junk
train_2606.wav,Canonical
train_2607.wav,Junk
train_2608.wav,Junk
train_2609.wav,Canonical
train_2610.wav,Non-canonical
train_2611.wav,Non-canonical
train_2612.wav,Junk
train_2613.wav,Non-canonical
train_2614.wav,Junk
train_2615.wav,Junk
train_2616.wav,Junk
train_2617.wav,Crying
train_2618.wav,Junk
train_2619.wav,Non-canonical
train_2620.wav,Canonical
train_2621.wav,Canonical
train_2622.wav,Junk
train_2623.wav,Non-canonical
train_2624.wav,Canonical
train_2625.wav,Non-canonical
train_2626.wav,Junk
train_2627.wav,Junk
train_2628.wav,Junk
train_2629.wav,Non-canonical
train_2630.wav,Non-canonical
train_2631.wav,Crying
train_2632.wav,Junk
train_2633.wav,Junk
train_2634.wav,Junk
train_2635.wav,Non-canonical
train_2636.wav,Junk
train_2637.wav,Junk
train_2638.wav,Crying
train_2639.wav,Junk
train_2640.wav,Junk
train_2641.wav,Junk
train_2642.wav,Non-canonical
train_2643.wav,Junk
train_2644.wav,Junk
train_2645.wav,Junk
train_2646.wav,Junk
train_2647.wav,Junk
train_2648.wav,Non-canonical
train_2649.wav,Non-canonical
train_2650.wav,Non-canonical
train_2651.wav,Non-canonical
train_2652.wav,Crying
train_2653.wav,Non-canonical
train_2654.wav,Canonical
train_2655.wav,Junk
train_2656.wav,Non-canonical
train_2657.wav,Junk
train_2658.wav,Canonical
train_2659.wav,Junk
train_2660.wav,Junk
train_2661.wav,Junk
train_2662.wav,Junk
train_2663.wav,Junk
train_2664.wav,Non-canonical
train_2665.wav,Non-canonical
train_2666.wav,Canonical
train_2667.wav,Non-canonical
train_2668.wav,Junk
train_2669.wav,Non-canonical
train_2670.wav,Junk
train_2671.wav,Non-canonical
train_2672.wav,Junk
train_2673.wav,Non-canonical
train_2674.wav,Non-canonical
train_2675.wav,Non-canonical
train_2676.wav,Junk
train_2677.wav,Junk
train_2678.wav,Non-canonical
train_2679.wav,Junk
train_2680.wav,Non-canonical
train_2681.wav,Junk
train_2682.wav,Junk
train_2683.wav,Non-canonical
train_2684.wav,Junk
train_2685.wav,Junk
train_2686.wav,Non-canonical
train_2687.wav,Non-canonical
train_2688.wav,Canonical
train_2689.wav,Junk
train_2690.wav,Junk
train_2691.wav,Non-canonical
train_2692.wav,Junk
train_2693.wav,Non-canonical
train_2694.wav,Canonical
train_2695.wav,Junk
train_2696.wav,Non-canonical
train_2697.wav,Junk
train_2698.wav,Non-canonical
train_2699.wav,Junk
train_2700.wav,Junk
train_2701.wav,Non-canonical
train_2702.wav,Junk
train_2703.wav,Junk
train_2704.wav,Junk
train_2705.wav,Junk
train_2706.wav,Crying
train_2707.wav,Crying
train_2708.wav,Junk
train_2709.wav,Crying
train_2710.wav,Crying
train_2711.wav,Junk
train_2712.wav,Junk
train_2713.wav,Junk
train_2714.wav,Junk
train_2715.wav,Junk
train_2716.wav,Junk
train_2717.wav,Canonical
train_2718.wav,Junk
train_2719.wav,Junk
train_2720.wav,Junk
train_2721.wav,Crying
train_2722.wav,Laughing
train_2723.wav,Junk
train_2724.wav,Crying
train_2725.wav,Canonical
train_2726.wav,Junk
train_2727.wav,Junk
train_2728.wav,Junk
train_2729.wav,Non-canonical
train_2730.wav,Junk
train_2731.wav,Non-canonical
train_2732.wav,Canonical
train_2733.wav,Canonical
train_2734.wav,Non-canonical
train_2735.wav,Junk
train_2736.wav,Non-canonical
train_2737.wav,Non-canonical
train_2738.wav,Junk
train_2739.wav,Non-canonical
train_2740.wav,Junk
train_2741.wav,Non-canonical
train_2742.wav,Junk
train_2743.wav,Canonical
train_2744.wav,Non-canonical
train_2745.wav,Non-canonical
train_2746.wav,Junk
train_2747.wav,Non-canonical
train_2748.wav,Junk
train_2749.wav,Canonical
train_2750.wav,Non-canonical
train_2751.wav,Non-canonical
train_2752.wav,Junk
train_2753.wav,Non-canonical
train_2754.wav,Junk
train_2755.wav,Non-canonical
train_2756.wav,Junk
train_2757.wav,Non-canonical
train_2758.wav,Crying
train_2759.wav,Canonical
train_2760.wav,Junk
train_2761.wav,Junk
train_2762.wav,Crying
train_2763.wav,Junk
train_2764.wav,Junk
train_2765.wav,Junk
train_2766.wav,Junk
train_2767.wav,Junk
train_2768.wav,Crying
train_2769.wav,Junk
train_2770.wav,Junk
train_2771.wav,Non-canonical
train_2772.wav,Non-canonical
train_2773.wav,Crying
train_2774.wav,Junk
train_2775.wav,Junk
train_2776.wav,Non-canonical
train_2777.wav,Non-canonical
train_2778.wav,Canonical
train_2779.wav,Junk
train_2780.wav,Canonical
train_2781.wav,Junk
train_2782.wav,Crying
train_2783.wav,Junk
train_2784.wav,Non-canonical
train_2785.wav,Junk
train_2786.wav,Crying
train_2787.wav,Non-canonical
train_2788.wav,Junk
train_2789.wav,Junk
train_2790.wav,Junk
train_2791.wav,Canonical
train_2792.wav,Non-canonical
train_2793.wav,Junk
train_2794.wav,Junk
train_2795.wav,Non-canonical
train_2796.wav,Non-canonical
train_2797.wav,Junk
train_2798.wav,Non-canonical
train_2799.wav,Canonical
train_2800.wav,Junk
train_2801.wav,Canonical
train_2802.wav,Non-canonical
train_2803.wav,Junk
train_2804.wav,Crying
train_2805.wav,Junk
train_2806.wav,Junk
train_2807.wav,Non-canonical
train_2808.wav,Non-canonical
train_2809.wav,Non-canonical
train_2810.wav,Junk
train_2811.wav,Non-canonical
train_2812.wav,Non-canonical
train_2813.wav,Non-canonical
train_2814.wav,Non-canonical
train_2815.wav,Junk
train_2816.wav,Non-canonical
train_2817.wav,Non-canonical
train_2818.wav,Junk
train_2819.wav,Canonical
train_2820.wav,Non-canonical
train_2821.wav,Junk
train_2822.wav,Canonical
train_2823.wav,Junk
train_2824.wav,Canonical
train_2825.wav,Non-canonical
train_2826.wav,Crying
train_2827.wav,Non-canonical
train_2828.wav,Canonical
train_2829.wav,Junk
train_2830.wav,Non-canonical
train_2831.wav,Non-canonical
train_2832.wav,Junk
train_2833.wav,Junk
train_2834.wav,Junk
train_2835.wav,Junk
train_2836.wav,Junk
train_2837.wav,Junk
train_2838.wav,Junk
train_2839.wav,Junk
train_2840.wav,Junk
train_2841.wav,Non-canonical
train_2842.wav,Canonical
train_2843.wav,Junk
train_2844.wav,Junk
train_2845.wav,Junk
train_2846.wav,Junk
train_2847.wav,Non-canonical
train_2848.wav,Junk
train_2849.wav,Junk
train_2850.wav,Junk
train_2851.wav,Non-canonical
train_2852.wav,Canonical
train_2853.wav,Junk
train_2854.wav,Non-canonical
train_2855.wav,Junk
train_2856.wav,Junk
train_2857.wav,Non-canonical
train_2858.wav,Junk
train_2859.wav,Junk
train_2860.wav,Non-canonical
train_2861.wav,Canonical
train_2862.wav,Junk
train_2863.wav,Junk
train_2864.wav,Non-canonical
train_2865.wav,Crying
train_2866.wav,Canonical
train_2867.wav,Junk
train_2868.wav,Non-canonical
train_2869.wav,Junk
train_2870.wav,Canonical
train_2871.wav,Junk
train_2872.wav,Junk
train_2873.wav,Junk
train_2874.wav,Junk
train_2875.wav,Junk
train_2876.wav,Junk
train_2877.wav,Junk
train_2878.wav,Junk
train_2879.wav,Junk
train_2880.wav,Junk
train_2881.wav,Junk
train_2882.wav,Junk
train_2883.wav,Junk
train_2884.wav,Non-canonical
train_2885.wav,Non-canonical
train_2886.wav,Non-canonical
train_2887.wav,Crying
train_2888.wav,Junk
train_2889.wav,Junk
train_2890.wav,Junk
train_2891.wav,Junk
train_2892.wav,Junk
train_2893.wav,Canonical
train_2894.wav,Junk
train_2895.wav,Junk
train_2896.wav,Junk
train_2897.wav,Junk
train_2898.wav,Non-canonical
train_2899.wav,Non-canonical
train_2900.wav,Junk
train_2901.wav,Junk
train_2902.wav,Junk
train_2903.wav,Canonical
train_2904.wav,Junk
train_2905.wav,Junk
train_2906.wav,Non-canonical
train_2907.wav,Junk
train_2908.wav,Non-canonical
train_2909.wav,Non-canonical
train_2910.wav,Non-canonical
train_2911.wav,Junk
train_2912.wav,Junk
train_2913.wav,Junk
train_2914.wav,Junk
train_2915.wav,Canonical
train_2916.wav,Junk
train_2917.wav,Non-canonical
train_2918.wav,Junk
train_2919.wav,Non-canonical
train_2920.wav,Non-canonical
train_2921.wav,Non-canonical
train_2922.wav,Non-canonical
train_2923.wav,Non-canonical
train_2924.wav,Canonical
train_2925.wav,Canonical
train_2926.wav,Non-canonical
train_2927.wav,Non-canonical
train_2928.wav,Non-canonical
train_2929.wav,Junk
train_2930.wav,Junk
train_2931.wav,Junk
train_2932.wav,Junk
train_2933.wav,Junk
train_2934.wav,Canonical
train_2935.wav,Non-canonical
train_2936.wav,Non-canonical
train_2937.wav,Canonical
train_2938.wav,Crying
train_2939.wav,Canonical
train_2940.wav,Junk
train_2941.wav,Junk
train_2942.wav,Junk
train_2943.wav,Non-canonical
train_2944.wav,Junk
train_2945.wav,Non-canonical
train_2946.wav,Junk
train_2947.wav,Canonical
train_2948.wav,Canonical
train_2949.wav,Junk
train_2950.wav,Non-canonical
train_2951.wav,Junk
train_2952.wav,Junk
train_2953.wav,Junk
train_2954.wav,Junk
train_2955.wav,Junk
train_2956.wav,Junk
train_2957.wav,Non-canonical
train_2958.wav,Non-canonical
train_2959.wav,Non-canonical
train_2960.wav,Crying
train_2961.wav,Junk
train_2962.wav,Junk
train_2963.wav,Junk
train_2964.wav,Non-canonical
train_2965.wav,Junk
train_2966.wav,Crying
train_2967.wav,Non-canonical
train_2968.wav,Junk
train_2969.wav,Non-canonical
train_2970.wav,Non-canonical
train_2971.wav,Junk
train_2972.wav,Junk
train_2973.wav,Junk
train_2974.wav,Non-canonical
train_2975.wav,Non-canonical
train_2976.wav,Non-canonical
train_2977.wav,Non-canonical
train_2978.wav,Non-canonical
train_2979.wav,Junk
train_2980.wav,Non-canonical
train_2981.wav,Non-canonical
train_2982.wav,Junk
train_2983.wav,Junk
train_2984.wav,Non-canonical
train_2985.wav,Canonical
train_2986.wav,Junk
train_2987.wav,Non-canonical
train_2988.wav,Canonical
train_2989.wav,Non-canonical
train_2990.wav,Non-canonical
train_2991.wav,Non-canonical
train_2992.wav,Junk
train_2993.wav,Non-canonical
train_2994.wav,Junk
train_2995.wav,Junk
train_2996.wav,Non-canonical
train_2997.wav,Non-canonical
train_2998.wav,Junk
train_2999.wav,Canonical
train_3000.wav,Junk
train_3001.wav,Non-canonical
train_3002.wav,Junk
train_3003.wav,Non-canonical
train_3004.wav,Junk
train_3005.wav,Junk
train_3006.wav,Crying
train_3007.wav,Junk
train_3008.wav,Non-canonical
train_3009.wav,Crying
train_3010.wav,Junk
train_3011.wav,Junk
train_3012.wav,Non-canonical
train_3013.wav,Non-canonical
train_3014.wav,Non-canonical
train_3015.wav,Junk
train_3016.wav,Junk
train_3017.wav,Junk
train_3018.wav,Junk
train_3019.wav,Non-canonical
train_3020.wav,Junk
train_3021.wav,Junk
train_3022.wav,Non-canonical
train_3023.wav,Crying
train_3024.wav,Junk
train_3025.wav,Junk
train_3026.wav,Non-canonical
train_3027.wav,Junk
train_3028.wav,Junk
train_3029.wav,Non-canonical
train_3030.wav,Non-canonical
train_3031.wav,Junk
train_3032.wav,Canonical
train_3033.wav,Non-canonical
train_3034.wav,Non-canonical
train_3035.wav,Junk
train_3036.wav,Non-canonical
train_3037.wav,Junk
train_3038.wav,Junk
train_3039.wav,Non-canonical
train_3040.wav,Non-canonical
train_3041.wav,Non-canonical
train_3042.wav,Junk
train_3043.wav,Non-canonical
train_3044.wav,Junk
train_3045.wav,Junk
train_3046.wav,Junk
train_3047.wav,Non-canonical
train_3048.wav,Junk
train_3049.wav,Canonical
train_3050.wav,Junk
train_3051.wav,Canonical
train_3052.wav,Non-canonical
train_3053.wav,Canonical
train_3054.wav,Junk
train_3055.wav,Non-canonical
train_3056.wav,Non-canonical
train_3057.wav,Junk
train_3058.wav,Junk
train_3059.wav,Junk
train_3060.wav,Junk
train_3061.wav,Canonical
train_3062.wav,Junk
train_3063.wav,Junk
train_3064.wav,Junk
train_3065.wav,Crying
train_3066.wav,Junk
train_3067.wav,Non-canonical
train_3068.wav,Crying
train_3069.wav,Junk
train_3070.wav,Non-canonical
train_3071.wav,Crying
train_3072.wav,Junk
train_3073.wav,Canonical
train_3074.wav,Non-canonical
train_3075.wav,Canonical
train_3076.wav,Non-canonical
train_3077.wav,Junk
train_3078.wav,Canonical
train_3079.wav,Junk
train_3080.wav,Junk
train_3081.wav,Non-canonical
train_3082.wav,Junk
train_3083.wav,Non-canonical
train_3084.wav,Junk
train_3085.wav,Junk
train_3086.wav,Non-canonical
train_3087.wav,Non-canonical
train_3088.wav,Junk
train_3089.wav,Non-canonical
train_3090.wav,Non-canonical
train_3091.wav,Non-canonical
train_3092.wav,Junk
train_3093.wav,Canonical
train_3094.wav,Junk
train_3095.wav,Non-canonical
train_3096.wav,Non-canonical
train_3097.wav,Crying
train_3098.wav,Non-canonical
train_3099.wav,Junk
train_3100.wav,Canonical
train_3101.wav,Non-canonical
train_3102.wav,Non-canonical
train_3103.wav,Junk
train_3104.wav,Junk
train_3105.wav,Non-canonical
train_3106.wav,Junk
train_3107.wav,Laughing
train_3108.wav,Canonical
train_3109.wav,Junk
train_3110.wav,Non-canonical
train_3111.wav,Non-canonical
train_3112.wav,Canonical
train_3113.wav,Junk
train_3114.wav,Junk
train_3115.wav,Non-canonical
train_3116.wav,Non-canonical
train_3117.wav,Non-canonical
train_3118.wav,Junk
train_3119.wav,Non-canonical
train_3120.wav,Junk
train_3121.wav,Canonical
train_3122.wav,Non-canonical
train_3123.wav,Non-canonical
train_3124.wav,Junk
train_3125.wav,Non-canonical
train_3126.wav,Junk
train_3127.wav,Junk
train_3128.wav,Non-canonical
train_3129.wav,Junk
train_3130.wav,Crying
train_3131.wav,Non-canonical
train_3132.wav,Non-canonical
train_3133.wav,Non-canonical
train_3134.wav,Non-canonical
train_3135.wav,Junk
train_3136.wav,Junk
train_3137.wav,Non-canonical
train_3138.wav,Canonical
train_3139.wav,Junk
train_3140.wav,Canonical
train_3141.wav,Crying
train_3142.wav,Canonical
train_3143.wav,Non-canonical
train_3144.wav,Non-canonical
train_3145.wav,Non-canonical
train_3146.wav,Non-canonical
train_3147.wav,Junk
train_3148.wav,Junk
train_3149.wav,Junk
train_3150.wav,Junk
train_3151.wav,Non-canonical
train_3152.wav,Non-canonical
train_3153.wav,Junk
train_3154.wav,Non-canonical
train_3155.wav,Junk
train_3156.wav,Non-canonical
train_3157.wav,Junk
train_3158.wav,Crying
train_3159.wav,Junk
train_3160.wav,Junk
train_3161.wav,Non-canonical
train_3162.wav,Non-canonical
train_3163.wav,Junk
train_3164.wav,Crying
train_3165.wav,Junk
train_3166.wav,Non-canonical
train_3167.wav,Non-canonical
train_3168.wav,Non-canonical
train_3169.wav,Non-canonical
train_3170.wav,Junk
train_3171.wav,Junk
train_3172.wav,Junk
train_3173.wav,Non-canonical
train_3174.wav,Junk
train_3175.wav,Non-canonical
train_3176.wav,Non-canonical
train_3177.wav,Canonical
train_3178.wav,Non-canonical
train_3179.wav,Junk
train_3180.wav,Laughing
train_3181.wav,Non-canonical
train_3182.wav,Non-canonical
train_3183.wav,Junk
train_3184.wav,Junk
train_3185.wav,Junk
train_3186.wav,Junk
train_3187.wav,Non-canonical
train_3188.wav,Crying
train_3189.wav,Junk
train_3190.wav,Non-canonical
train_3191.wav,Junk
train_3192.wav,Junk
train_3193.wav,Junk
train_3194.wav,Canonical
train_3195.wav,Junk
train_3196.wav,Canonical
train_3197.wav,Non-canonical
train_3198.wav,Canonical
train_3199.wav,Canonical
train_3200.wav,Junk
train_3201.wav,Non-canonical
train_3202.wav,Canonical
train_3203.wav,Junk
train_3204.wav,Non-canonical
train_3205.wav,Non-canonical
train_3206.wav,Non-canonical
train_3207.wav,Junk
train_3208.wav,Non-canonical
train_3209.wav,Junk
train_3210.wav,Junk
train_3211.wav,Junk
train_3212.wav,Junk
train_3213.wav,Junk
train_3214.wav,Non-canonical
train_3215.wav,Junk
train_3216.wav,Non-canonical
train_3217.wav,Canonical
train_3218.wav,Non-canonical
train_3219.wav,Non-canonical
train_3220.wav,Junk
train_3221.wav,Non-canonical
train_3222.wav,Junk
train_3223.wav,Non-canonical
train_3224.wav,Canonical
train_3225.wav,Non-canonical
train_3226.wav,Canonical
train_3227.wav,Junk
train_3228.wav,Non-canonical
train_3229.wav,Junk
train_3230.wav,Junk
train_3231.wav,Junk
train_3232.wav,Non-canonical
train_3233.wav,Non-canonical
train_3234.wav,Junk
train_3235.wav,Junk
train_3236.wav,Non-canonical
train_3237.wav,Non-canonical
train_3238.wav,Non-canonical
train_3239.wav,Non-canonical
train_3240.wav,Junk
train_3241.wav,Non-canonical
train_3242.wav,Non-canonical
train_3243.wav,Junk
train_3244.wav,Non-canonical
train_3245.wav,Non-canonical
train_3246.wav,Non-canonical
train_3247.wav,Junk
train_3248.wav,Junk
train_3249.wav,Junk
train_3250.wav,Crying
train_3251.wav,Junk
train_3252.wav,Non-canonical
train_3253.wav,Crying
train_3254.wav,Non-canonical
train_3255.wav,Non-canonical
train_3256.wav,Canonical
train_3257.wav,Non-canonical
train_3258.wav,Non-canonical
train_3259.wav,Junk
train_3260.wav,Junk
train_3261.wav,Junk
train_3262.wav,Non-canonical
train_3263.wav,Junk
train_3264.wav,Non-canonical
train_3265.wav,Crying
train_3266.wav,Non-canonical
train_3267.wav,Non-canonical
train_3268.wav,Junk
train_3269.wav,Junk
train_3270.wav,Canonical
train_3271.wav,Canonical
train_3272.wav,Junk
train_3273.wav,Junk
train_3274.wav,Non-canonical
train_3275.wav,Junk
train_3276.wav,Canonical
train_3277.wav,Junk
train_3278.wav,Junk
train_3279.wav,Junk
train_3280.wav,Non-canonical
train_3281.wav,Crying
train_3282.wav,Crying
train_3283.wav,Non-canonical
train_3284.wav,Non-canonical
train_3285.wav,Junk
train_3286.wav,Canonical
train_3287.wav,Junk
train_3288.wav,Canonical
train_3289.wav,Junk
train_3290.wav,Canonical
train_3291.wav,Junk
train_3292.wav,Junk
train_3293.wav,Junk
train_3294.wav,Junk
train_3295.wav,Canonical
train_3296.wav,Non-canonical
train_3297.wav,Junk
train_3298.wav,Non-canonical
train_3299.wav,Junk
train_3300.wav,Junk
train_3301.wav,Non-canonical
train_3302.wav,Non-canonical
train_3303.wav,Junk
train_3304.wav,Junk
train_3305.wav,Junk
train_3306.wav,Non-canonical
train_3307.wav,Junk
train_3308.wav,Crying
train_3309.wav,Canonical
train_3310.wav,Junk
train_3311.wav,Crying
train_3312.wav,Junk
train_3313.wav,Crying
train_3314.wav,Junk
train_3315.wav,Junk
train_3316.wav,Junk
train_3317.wav,Canonical
train_3318.wav,Junk
train_3319.wav,Canonical
train_3320.wav,Canonical
train_3321.wav,Non-canonical
train_3322.wav,Junk
train_3323.wav,Junk
train_3324.wav,Non-canonical
train_3325.wav,Junk
train_3326.wav,Junk
train_3327.wav,Junk
train_3328.wav,Non-canonical
train_3329.wav,Junk
train_3330.wav,Canonical
train_3331.wav,Non-canonical
train_3332.wav,Non-canonical
train_3333.wav,Non-canonical
train_3334.wav,Non-canonical
train_3335.wav,Non-canonical
train_3336.wav,Canonical
train_3337.wav,Junk
train_3338.wav,Non-canonical
train_3339.wav,Non-canonical
train_3340.wav,Non-canonical
train_3341.wav,Junk
train_3342.wav,Non-canonical
train_3343.wav,Junk
train_3344.wav,Non-canonical
train_3345.wav,Junk
train_3346.wav,Non-canonical
train_3347.wav,Non-canonical
train_3348.wav,Junk
train_3349.wav,Crying
train_3350.wav,Junk
train_3351.wav,Junk
train_3352.wav,Non-canonical
train_3353.wav,Junk
train_3354.wav,Non-canonical
train_3355.wav,Junk
train_3356.wav,Non-canonical
train_3357.wav,Laughing
train_3358.wav,Non-canonical
train_3359.wav,Junk
train_3360.wav,Junk
train_3361.wav,Canonical
train_3362.wav,Junk
train_3363.wav,Junk
train_3364.wav,Junk
train_3365.wav,Crying
train_3366.wav,Junk
train_3367.wav,Canonical
train_3368.wav,Junk
train_3369.wav,Canonical
train_3370.wav,Non-canonical
train_3371.wav,Junk
train_3372.wav,Junk
train_3373.wav,Junk
train_3374.wav,Non-canonical
train_3375.wav,Junk
train_3376.wav,Junk
train_3377.wav,Junk
train_3378.wav,Non-canonical
train_3379.wav,Junk
train_3380.wav,Junk
train_3381.wav,Non-canonical
train_3382.wav,Junk
train_3383.wav,Non-canonical
train_3384.wav,Junk
train_3385.wav,Junk
train_3386.wav,Non-canonical
train_3387.wav,Junk
train_3388.wav,Junk
train_3389.wav,Junk
train_3390.wav,Junk
train_3391.wav,Non-canonical
train_3392.wav,Junk
train_3393.wav,Canonical
train_3394.wav,Non-canonical
train_3395.wav,Canonical
train_3396.wav,Junk
train_3397.wav,Junk
train_3398.wav,Non-canonical
train_3399.wav,Non-canonical
train_3400.wav,Non-canonical
train_3401.wav,Junk
train_3402.wav,Non-canonical
train_3403.wav,Non-canonical
train_3404.wav,Non-canonical
train_3405.wav,Non-canonical
train_3406.wav,Canonical
train_3407.wav,Non-canonical
train_3408.wav,Non-canonical
train_3409.wav,Canonical
train_3410.wav,Non-canonical
train_3411.wav,Non-canonical
train_3412.wav,Junk
train_3413.wav,Non-canonical
train_3414.wav,Junk
train_3415.wav,Non-canonical
train_3416.wav,Non-canonical
train_3417.wav,Canonical
train_3418.wav,Junk
train_3419.wav,Canonical
train_3420.wav,Laughing
train_3421.wav,Non-canonical
train_3422.wav,Non-canonical
train_3423.wav,Junk
train_3424.wav,Junk
train_3425.wav,Junk
train_3426.wav,Junk
train_3427.wav,Junk
train_3428.wav,Junk
train_3429.wav,Non-canonical
train_3430.wav,Non-canonical
train_3431.wav,Junk
train_3432.wav,Non-canonical
train_3433.wav,Non-canonical
train_3434.wav,Canonical
train_3435.wav,Junk
train_3436.wav,Non-canonical
train_3437.wav,Junk
train_3438.wav,Junk
train_3439.wav,Non-canonical
train_3440.wav,Crying
train_3441.wav,Non-canonical
train_3442.wav,Junk
train_3443.wav,Junk
train_3444.wav,Junk
train_3445.wav,Non-canonical
train_3446.wav,Junk
train_3447.wav,Junk
train_3448.wav,Non-canonical
train_3449.wav,Non-canonical
train_3450.wav,Non-canonical
train_3451.wav,Junk
train_3452.wav,Junk
train_3453.wav,Junk
train_3454.wav,Non-canonical
train_3455.wav,Junk
train_3456.wav,Junk
train_3457.wav,Junk
train_3458.wav,Non-canonical
train_3459.wav,Junk
train_3460.wav,Non-canonical
train_3461.wav,Crying
train_3462.wav,Laughing
train_3463.wav,Junk
train_3464.wav,Non-canonical
train_3465.wav,Laughing
train_3466.wav,Junk
train_3467.wav,Crying
train_3468.wav,Non-canonical
train_3469.wav,Junk
train_3470.wav,Junk
train_3471.wav,Junk
train_3472.wav,Crying
train_3473.wav,Junk
train_3474.wav,Junk
train_3475.wav,Non-canonical
train_3476.wav,Non-canonical
train_3477.wav,Junk
train_3478.wav,Canonical
train_3479.wav,Junk
train_3480.wav,Junk
train_3481.wav,Junk
train_3482.wav,Junk
train_3483.wav,Non-canonical
train_3484.wav,Junk
train_3485.wav,Junk
train_3486.wav,Junk
train_3487.wav,Non-canonical
train_3488.wav,Junk
train_3489.wav,Non-canonical
train_3490.wav,Non-canonical
train_3491.wav,Non-canonical
train_3492.wav,Junk
train_3493.wav,Junk
train_3494.wav,Canonical
train_3495.wav,Non-canonical
train_3496.wav,Non-canonical
train_3497.wav,Junk
train_3498.wav,Canonical
train_3499.wav,Junk
train_3500.wav,Canonical
train_3501.wav,Junk
train_3502.wav,Non-canonical
train_3503.wav,Junk
train_3504.wav,Junk
train_3505.wav,Junk
train_3506.wav,Junk
train_3507.wav,Crying
train_3508.wav,Non-canonical
train_3509.wav,Non-canonical
train_3510.wav,Non-canonical
train_3511.wav,Non-canonical
train_3512.wav,Non-canonical
train_3513.wav,Non-canonical
train_3514.wav,Canonical
train_3515.wav,Canonical
train_3516.wav,Non-canonical
train_3517.wav,Canonical
train_3518.wav,Crying
train_3519.wav,Junk
train_3520.wav,Junk
train_3521.wav,Canonical
train_3522.wav,Junk
train_3523.wav,Junk
train_3524.wav,Junk
train_3525.wav,Junk
train_3526.wav,Non-canonical
train_3527.wav,Crying
train_3528.wav,Non-canonical
train_3529.wav,Junk
train_3530.wav,Junk
train_3531.wav,Canonical
train_3532.wav,Non-canonical
train_3533.wav,Canonical
train_3534.wav,Junk
train_3535.wav,Junk
train_3536.wav,Non-canonical
train_3537.wav,Junk
train_3538.wav,Junk
train_3539.wav,Crying
train_3540.wav,Junk
train_3541.wav,Non-canonical
train_3542.wav,Non-canonical
train_3543.wav,Non-canonical
train_3544.wav,Junk
train_3545.wav,Non-canonical
train_3546.wav,Canonical
train_3547.wav,Non-canonical
train_3548.wav,Non-canonical
train_3549.wav,Junk
train_3550.wav,Non-canonical
train_3551.wav,Canonical
train_3552.wav,Junk
train_3553.wav,Canonical
train_3554.wav,Junk
train_3555.wav,Junk
train_3556.wav,Junk
train_3557.wav,Non-canonical
train_3558.wav,Non-canonical
train_3559.wav,Junk
train_3560.wav,Junk
train_3561.wav,Junk
train_3562.wav,Crying
train_3563.wav,Non-canonical
train_3564.wav,Non-canonical
train_3565.wav,Junk
train_3566.wav,Junk
train_3567.wav,Junk
train_3568.wav,Junk
train_3569.wav,Non-canonical
train_3570.wav,Non-canonical
train_3571.wav,Crying
train_3572.wav,Junk
train_3573.wav,Junk
train_3574.wav,Junk
train_3575.wav,Canonical
train_3576.wav,Non-canonical
train_3577.wav,Junk
train_3578.wav,Non-canonical
train_3579.wav,Junk
train_3580.wav,Junk
train_3581.wav,Crying
train_3582.wav,Junk
train_3583.wav,Non-canonical
train_3584.wav,Junk
train_3585.wav,Non-canonical
train_3586.wav,Non-canonical
train_3587.wav,Junk
train_3588.wav,Non-canonical
train_3589.wav,Non-canonical
train_3590.wav,Junk
train_3591.wav,Non-canonical
train_3592.wav,Junk
train_3593.wav,Canonical
train_3594.wav,Junk
train_3595.wav,Non-canonical
train_3596.wav,Non-canonical
train_3597.wav,Junk
train_3598.wav,Canonical
train_3599.wav,Non-canonical
train_3600.wav,Non-canonical
train_3601.wav,Junk
train_3602.wav,Junk
train_3603.wav,Junk
train_3604.wav,Non-canonical
train_3605.wav,Non-canonical
train_3606.wav,Junk
train_3607.wav,Non-canonical
train_3608.wav,Junk
train_3609.wav,Non-canonical
train_3610.wav,Crying
train_3611.wav,Junk
train_3612.wav,Junk
train_3613.wav,Non-canonical
train_3614.wav,Non-canonical
train_3615.wav,Junk
train_3616.wav,Canonical
train_3617.wav,Non-canonical
train_3618.wav,Junk
train_3619.wav,Non-canonical
train_3620.wav,Canonical
train_3621.wav,Junk
train_3622.wav,Non-canonical
train_3623.wav,Non-canonical
train_3624.wav,Junk
train_3625.wav,Canonical
train_3626.wav,Non-canonical
train_3627.wav,Junk
train_3628.wav,Junk
train_3629.wav,Junk
train_3630.wav,Junk
train_3631.wav,Non-canonical
train_3632.wav,Non-canonical
train_3633.wav,Canonical
train_3634.wav,Junk
train_3635.wav,Canonical
train_3636.wav,Canonical
train_3637.wav,Junk
train_3638.wav,Non-canonical
train_3639.wav,Non-canonical
train_3640.wav,Junk
train_3641.wav,Junk
train_3642.wav,Non-canonical
train_3643.wav,Junk
train_3644.wav,Non-canonical
train_3645.wav,Junk
train_3646.wav,Junk
train_3647.wav,Canonical
train_3648.wav,Non-canonical
train_3649.wav,Junk
train_3650.wav,Junk
train_3651.wav,Canonical
train_3652.wav,Junk
train_3653.wav,Junk
train_3654.wav,Junk
train_3655.wav,Junk
train_3656.wav,Junk
train_3657.wav,Non-canonical
train_3658.wav,Junk
train_3659.wav,Junk
train_3660.wav,Non-canonical
train_3661.wav,Non-canonical
train_3662.wav,Junk
train_3663.wav,Non-canonical
train_3664.wav,Non-canonical
train_3665.wav,Crying
train_3666.wav,Junk
train_3667.wav,Non-canonical
train_3668.wav,Canonical
train_3669.wav,Non-canonical
train_3670.wav,Canonical
train_3671.wav,Junk
train_3672.wav,Canonical
train_3673.wav,Non-canonical
train_3674.wav,Non-canonical
train_3675.wav,Non-canonical
train_3676.wav,Junk
train_3677.wav,Crying
train_3678.wav,Non-canonical
train_3679.wav,Junk
train_3680.wav,Junk
train_3681.wav,Non-canonical
train_3682.wav,Junk
train_3683.wav,Junk
train_3684.wav,Crying
train_3685.wav,Non-canonical
train_3686.wav,Junk
train_3687.wav,Non-canonical
train_3688.wav,Non-canonical
train_3689.wav,Junk
train_3690.wav,Junk
train_3691.wav,Junk
train_3692.wav,Junk
train_3693.wav,Junk
train_3694.wav,Junk
train_3695.wav,Non-canonical
train_3696.wav,Canonical
train_3697.wav,Non-canonical
train_3698.wav,Junk
train_3699.wav,Non-canonical
train_3700.wav,Canonical
train_3701.wav,Crying
train_3702.wav,Crying
train_3703.wav,Non-canonical
train_3704.wav,Canonical
train_3705.wav,Junk
train_3706.wav,Junk
train_3707.wav,Junk
train_3708.wav,Crying
train_3709.wav,Crying
train_3710.wav,Crying
train_3711.wav,Junk
train_3712.wav,Crying
train_3713.wav,Non-canonical
train_3714.wav,Junk
train_3715.wav,Junk
train_3716.wav,Non-canonical
train_3717.wav,Non-canonical
train_3718.wav,Non-canonical
train_3719.wav,Canonical
train_3720.wav,Non-canonical
train_3721.wav,Junk
train_3722.wav,Junk
train_3723.wav,Non-canonical
train_3724.wav,Junk
train_3725.wav,Non-canonical
train_3726.wav,Non-canonical
train_3727.wav,Junk
train_3728.wav,Non-canonical
train_3729.wav,Junk
train_3730.wav,Non-canonical
train_3731.wav,Non-canonical
train_3732.wav,Junk
train_3733.wav,Junk
train_3734.wav,Crying
train_3735.wav,Canonical
train_3736.wav,Junk
train_3737.wav,Non-canonical
train_3738.wav,Non-canonical
train_3739.wav,Crying
train_3740.wav,Junk
train_3741.wav,Crying
train_3742.wav,Junk
train_3743.wav,Junk
train_3744.wav,Crying
train_3745.wav,Non-canonical
train_3746.wav,Non-canonical
train_3747.wav,Non-canonical
train_3748.wav,Junk
train_3749.wav,Canonical
train_3750.wav,Junk
train_3751.wav,Junk
train_3752.wav,Non-canonical
train_3753.wav,Non-canonical
train_3754.wav,Non-canonical
train_3755.wav,Junk
train_3756.wav,Junk
train_3757.wav,Non-canonical
train_3758.wav,Junk
train_3759.wav,Junk
train_3760.wav,Junk
train_3761.wav,Junk
train_3762.wav,Canonical
train_3763.wav,Junk
train_3764.wav,Non-canonical
train_3765.wav,Junk
train_3766.wav,Junk
train_3767.wav,Canonical
train_3768.wav,Junk
train_3769.wav,Non-canonical
train_3770.wav,Junk
train_3771.wav,Non-canonical
train_3772.wav,Non-canonical
train_3773.wav,Junk
train_3774.wav,Non-canonical
train_3775.wav,Canonical
train_3776.wav,Junk
train_3777.wav,Junk
train_3778.wav,Junk
train_3779.wav,Junk
train_3780.wav,Non-canonical
train_3781.wav,Junk
train_3782.wav,Non-canonical
train_3783.wav,Junk
train_3784.wav,Junk
train_3785.wav,Junk
train_3786.wav,Non-canonical
train_3787.wav,Crying
train_3788.wav,Junk
train_3789.wav,Junk
train_3790.wav,Junk
train_3791.wav,Junk
train_3792.wav,Junk
train_3793.wav,Junk
train_3794.wav,Non-canonical
train_3795.wav,Junk
train_3796.wav,Crying
train_3797.wav,Non-canonical
train_3798.wav,Non-canonical
train_3799.wav,Crying
train_3800.wav,Crying
train_3801.wav,Non-canonical
train_3802.wav,Junk
train_3803.wav,Crying
train_3804.wav,Junk
train_3805.wav,Junk
train_3806.wav,Junk
train_3807.wav,Non-canonical
train_3808.wav,Non-canonical
train_3809.wav,Canonical
train_3810.wav,Crying
train_3811.wav,Junk
train_3812.wav,Junk
train_3813.wav,Non-canonical
train_3814.wav,Junk
train_3815.wav,Non-canonical
train_3816.wav,Non-canonical
train_3817.wav,Junk
train_3818.wav,Junk
train_3819.wav,Junk
train_3820.wav,Junk
train_3821.wav,Junk
train_3822.wav,Non-canonical
train_3823.wav,Non-canonical
train_3824.wav,Junk
train_3825.wav,Junk
train_3826.wav,Non-canonical
train_3827.wav,Non-canonical
train_3828.wav,Junk
train_3829.wav,Non-canonical
train_3830.wav,Junk
train_3831.wav,Non-canonical
train_3832.wav,Non-canonical
train_3833.wav,Junk
train_3834.wav,Junk
train_3835.wav,Non-canonical
train_3836.wav,Junk
train_3837.wav,Canonical
train_3838.wav,Non-canonical
train_3839.wav,Non-canonical
train_3840.wav,Canonical
train_3841.wav,Canonical
train_3842.wav,Non-canonical
train_3843.wav,Non-canonical
train_3844.wav,Junk
train_3845.wav,Non-canonical
train_3846.wav,Junk
train_3847.wav,Junk
train_3848.wav,Junk
train_3849.wav,Non-canonical
train_3850.wav,Non-canonical
train_3851.wav,Junk
train_3852.wav,Junk
train_3853.wav,Non-canonical
train_3854.wav,Non-canonical
train_3855.wav,Canonical
train_3856.wav,Junk
train_3857.wav,Junk
train_3858.wav,Junk
train_3859.wav,Junk
train_3860.wav,Laughing
train_3861.wav,Canonical
train_3862.wav,Canonical
train_3863.wav,Junk
train_3864.wav,Canonical
train_3865.wav,Junk
train_3866.wav,Junk
train_3867.wav,Junk
train_3868.wav,Non-canonical
train_3869.wav,Canonical
train_3870.wav,Junk
train_3871.wav,Non-canonical
train_3872.wav,Canonical
train_3873.wav,Non-canonical
train_3874.wav,Non-canonical
train_3875.wav,Junk
train_3876.wav,Non-canonical
train_3877.wav,Junk
train_3878.wav,Non-canonical
train_3879.wav,Non-canonical
train_3880.wav,Junk
train_3881.wav,Junk
train_3882.wav,Canonical
train_3883.wav,Junk
train_3884.wav,Canonical
train_3885.wav,Non-canonical
train_3886.wav,Junk
train_3887.wav,Canonical
train_3888.wav,Non-canonical
train_3889.wav,Non-canonical
train_3890.wav,Junk
train_3891.wav,Junk
train_3892.wav,Canonical
train_3893.wav,Junk
train_3894.wav,Junk
train_3895.wav,Junk
train_3896.wav,Junk
train_3897.wav,Non-canonical
train_3898.wav,Junk
train_3899.wav,Junk
train_3900.wav,Canonical
train_3901.wav,Non-canonical
train_3902.wav,Non-canonical
train_3903.wav,Non-canonical
train_3904.wav,Non-canonical
train_3905.wav,Junk
train_3906.wav,Junk
train_3907.wav,Non-canonical
train_3908.wav,Non-canonical
train_3909.wav,Non-canonical
train_3910.wav,Non-canonical
train_3911.wav,Junk
train_3912.wav,Junk
train_3913.wav,Junk
train_3914.wav,Non-canonical
train_3915.wav,Non-canonical
train_3916.wav,Non-canonical
train_3917.wav,Junk
train_3918.wav,Junk
train_3919.wav,Junk
train_3920.wav,Non-canonical
train_3921.wav,Junk
train_3922.wav,Non-canonical
train_3923.wav,Canonical
train_3924.wav,Non-canonical
train_3925.wav,Laughing
train_3926.wav,Junk
train_3927.wav,Junk
train_3928.wav,Junk
train_3929.wav,Non-canonical
train_3930.wav,Junk
train_3931.wav,Junk
train_3932.wav,Junk
train_3933.wav,Non-canonical
train_3934.wav,Canonical
train_3935.wav,Canonical
train_3936.wav,Non-canonical
train_3937.wav,Non-canonical
train_3938.wav,Non-canonical
train_3939.wav,Non-canonical
train_3940.wav,Junk
train_3941.wav,Junk
train_3942.wav,Canonical
train_3943.wav,Non-canonical
train_3944.wav,Junk
train_3945.wav,Junk
train_3946.wav,Canonical
train_3947.wav,Junk
train_3948.wav,Non-canonical
train_3949.wav,Junk
train_3950.wav,Canonical
train_3951.wav,Non-canonical
train_3952.wav,Junk
train_3953.wav,Junk
train_3954.wav,Laughing
train_3955.wav,Junk
train_3956.wav,Canonical
train_3957.wav,Non-canonical
train_3958.wav,Junk
train_3959.wav,Junk
train_3960.wav,Junk
train_3961.wav,Non-canonical
train_3962.wav,Junk
train_3963.wav,Non-canonical
train_3964.wav,Canonical
train_3965.wav,Junk
train_3966.wav,Junk
train_3967.wav,Junk
train_3968.wav,Junk
train_3969.wav,Crying
train_3970.wav,Crying
train_3971.wav,Non-canonical
train_3972.wav,Junk
train_3973.wav,Non-canonical
train_3974.wav,Canonical
train_3975.wav,Non-canonical
train_3976.wav,Junk
train_3977.wav,Non-canonical
train_3978.wav,Junk
train_3979.wav,Non-canonical
train_3980.wav,Non-canonical
train_3981.wav,Non-canonical
train_3982.wav,Crying
train_3983.wav,Canonical
train_3984.wav,Crying
train_3985.wav,Canonical
train_3986.wav,Non-canonical
train_3987.wav,Junk
train_3988.wav,Non-canonical
train_3989.wav,Non-canonical
train_3990.wav,Canonical
train_3991.wav,Canonical
train_3992.wav,Junk
train_3993.wav,Non-canonical
train_3994.wav,Non-canonical
train_3995.wav,Junk
train_3996.wav,Junk
