file_name,Predicted
devel_0001.wav,Crying
devel_0002.wav,Crying
devel_0003.wav,Crying
devel_0004.wav,Crying
devel_0005.wav,Crying
devel_0006.wav,Crying
devel_0007.wav,Crying
devel_0008.wav,Crying
devel_0009.wav,Crying
devel_0010.wav,Crying
devel_0011.wav,Crying
devel_0012.wav,Crying
devel_0013.wav,Crying
devel_0014.wav,Crying
devel_0015.wav,Crying
devel_0016.wav,Crying
devel_0017.wav,Crying
devel_0018.wav,Crying
devel_0019.wav,Crying
devel_0020.wav,Crying
devel_0021.wav,Crying
devel_0022.wav,Crying
devel_0023.wav,Crying
devel_0024.wav,Crying
devel_0025.wav,Crying
devel_0026.wav,Crying
devel_0027.wav,Crying
devel_0028.wav,Crying
devel_0029.wav,Crying
devel_0030.wav,Crying
devel_0031.wav,Crying
devel_0032.wav,Crying
devel_0033.wav,Crying
devel_0034.wav,Crying
devel_0035.wav,Crying
devel_0036.wav,Crying
devel_0037.wav,Crying
devel_0038.wav,Crying
devel_0039.wav,Crying
devel_0040.wav,Crying
devel_0041.wav,Crying
devel_0042.wav,Crying
devel_0043.wav,Crying
devel_0044.wav,Crying
devel_0045.wav,Crying
devel_0046.wav,Crying
devel_0047.wav,Crying
devel_0048.wav,Crying
devel_0049.wav,Crying
devel_0050.wav,Crying
devel_0051.wav,Crying
devel_0052.wav,Crying
devel_0053.wav,Crying
devel_0054.wav,Crying
devel_0055.wav,Crying
devel_0056.wav,Crying
devel_0057.wav,Crying
devel_0058.wav,Crying
devel_0059.wav,Crying
devel_0060.wav,Crying
devel_0061.wav,Crying
devel_0062.wav,Crying
devel_0063.wav,Crying
devel_0064.wav,Crying
devel_0065.wav,Crying
devel_0066.wav,Crying
devel_0067.wav,Crying
devel_0068.wav,Crying
devel_0069.wav,Crying
devel_0070.wav,Crying
devel_0071.wav,Crying
devel_0072.wav,Crying
devel_0073.wav,Crying
devel_0074.wav,Crying
devel_0075.wav,Crying
devel_0076.wav,Crying
devel_0077.wav,Crying
devel_0078.wav,Crying
devel_0079.wav,Crying
devel_0080.wav,Crying
devel_0081.wav,Crying
devel_0082.wav,Crying
devel_0083.wav,Crying
devel_0084.wav,Crying
devel_0085.wav,Crying
devel_0086.wav,Crying
devel_0087.wav,Crying
devel_0088.wav,Crying
devel_0089.wav,Crying
devel_0090.wav,Crying
devel_0091.wav,Crying
devel_0092.wav,Crying
devel_0093.wav,Crying
devel_0094.wav,Crying
devel_0095.wav,Crying
devel_0096.wav,Crying
devel_0097.wav,Crying
devel_0098.wav,Crying
devel_0099.wav,Crying
devel_0100.wav,Crying
devel_0101.wav,Crying
devel_0102.wav,Crying
devel_0103.wav,Crying
devel_0104.wav,Crying
devel_0105.wav,Crying
devel_0106.wav,Crying
devel_0107.wav,Crying
devel_0108.wav,Crying
devel_0109.wav,Crying
devel_0110.wav,Crying
devel_0111.wav,Crying
devel_0112.wav,Crying
devel_0113.wav,Crying
devel_0114.wav,Crying
devel_0115.wav,Crying
devel_0116.wav,Crying
devel_0117.wav,Crying
devel_0118.wav,Crying
devel_0119.wav,Crying
devel_0120.wav,Crying
devel_0121.wav,Crying
devel_0122.wav,Crying
devel_0123.wav,Crying
devel_0124.wav,Crying
devel_0125.wav,Crying
devel_0126.wav,Crying
devel_0127.wav,Crying
devel_0128.wav,Crying
devel_0129.wav,Crying
devel_0130.wav,Crying
devel_0131.wav,Crying
devel_0132.wav,Crying
devel_0133.wav,Crying
devel_0134.wav,Crying
devel_0135.wav,Crying
devel_0136.wav,Crying
devel_0137.wav,Crying
devel_0138.wav,Crying
devel_0139.wav,Crying
devel_0140.wav,Crying
devel_0141.wav,Crying
devel_0142.wav,Crying
devel_0143.wav,Crying
devel_0144.wav,Crying
devel_0145.wav,Crying
devel_0146.wav,Crying
devel_0147.wav,Crying
devel_0148.wav,Crying
devel_0149.wav,Crying
devel_0150.wav,Crying
devel_0151.wav,Crying
devel_0152.wav,Crying
devel_0153.wav,Crying
devel_0154.wav,Crying
devel_0155.wav,Crying
devel_0156.wav,Crying
devel_0157.wav,Crying
devel_0158.wav,Crying
devel_0159.wav,Crying
devel_0160.wav,Crying
devel_0161.wav,Crying
devel_0162.wav,Crying
devel_0163.wav,Crying
devel_0164.wav,Crying
devel_0165.wav,Crying
devel_0166.wav,Crying
devel_0167.wav,Crying
devel_0168.wav,Crying
devel_0169.wav,Crying
devel_0170.wav,Crying
devel_0171.wav,Crying
devel_0172.wav,Crying
devel_0173.wav,Crying
devel_0174.wav,Crying
devel_0175.wav,Crying
devel_0176.wav,Crying
devel_0177.wav,Crying
devel_0178.wav,Crying
devel_0179.wav,Crying
devel_0180.wav,Crying
devel_0181.wav,Crying
devel_0182.wav,Crying
devel_0183.wav,Crying
devel_0184.wav,Crying
devel_0185.wav,Crying
devel_0186.wav,Crying
devel_0187.wav,Crying
devel_0188.wav,Crying
devel_0189.wav,Crying
devel_0190.wav,Crying
devel_0191.wav,Crying
devel_0192.wav,Crying
devel_0193.wav,Crying
devel_0194.wav,Crying
devel_0195.wav,Crying
devel_0196.wav,Crying
devel_0197.wav,Crying
devel_0198.wav,Crying
devel_0199.wav,Crying
devel_0200.wav,Crying
devel_0201.wav,Crying
devel_0202.wav,Crying
devel_0203.wav,Crying
devel_0204.wav,Crying
devel_0205.wav,Crying
devel_0206.wav,Crying
devel_0207.wav,Crying
devel_0208.wav,Crying
devel_0209.wav,Crying
devel_0210.wav,Crying
devel_0211.wav,Crying
devel_0212.wav,Crying
devel_0213.wav,Crying
devel_0214.wav,Crying
devel_0215.wav,Crying
devel_0216.wav,Crying
devel_0217.wav,Crying
devel_0218.wav,Crying
devel_0219.wav,Crying
devel_0220.wav,Crying
devel_0221.wav,Crying
devel_0222.wav,Crying
devel_0223.wav,Crying
devel_0224.wav,Crying
devel_0225.wav,Crying
devel_0226.wav,Crying
devel_0227.wav,Crying
devel_0228.wav,Crying
devel_0229.wav,Crying
devel_0230.wav,Crying
devel_0231.wav,Crying
devel_0232.wav,Crying
devel_0233.wav,Crying
devel_0234.wav,Crying
devel_0235.wav,Crying
devel_0236.wav,Crying
devel_0237.wav,Crying
devel_0238.wav,Crying
devel_0239.wav,Crying
devel_0240.wav,Crying
devel_0241.wav,Crying
devel_0242.wav,Crying
devel_0243.wav,Crying
devel_0244.wav,Crying
devel_0245.wav,Crying
devel_0246.wav,Crying
devel_0247.wav,Crying
devel_0248.wav,Crying
devel_0249.wav,Crying
devel_0250.wav,Crying
devel_0251.wav,Crying
devel_0252.wav,Crying
devel_0253.wav,Crying
devel_0254.wav,Crying
devel_0255.wav,Crying
devel_0256.wav,Crying
devel_0257.wav,Crying
devel_0258.wav,Crying
devel_0259.wav,Crying
devel_0260.wav,Crying
devel_0261.wav,Crying
devel_0262.wav,Crying
devel_0263.wav,Crying
devel_0264.wav,Crying
devel_0265.wav,Crying
devel_0266.wav,Crying
devel_0267.wav,Crying
devel_0268.wav,Crying
devel_0269.wav,Crying
devel_0270.wav,Crying
devel_0271.wav,Crying
devel_0272.wav,Crying
devel_0273.wav,Crying
devel_0274.wav,Crying
devel_0275.wav,Crying
devel_0276.wav,Crying
devel_0277.wav,Crying
devel_0278.wav,Crying
devel_0279.wav,Crying
devel_0280.wav,Crying
devel_0281.wav,Crying
devel_0282.wav,Crying
devel_0283.wav,Crying
devel_0284.wav,Crying
devel_0285.wav,Crying
devel_0286.wav,Crying
devel_0287.wav,Crying
devel_0288.wav,Crying
devel_0289.wav,Crying
devel_0290.wav,Crying
devel_0291.wav,Crying
devel_0292.wav,Crying
devel_0293.wav,Crying
devel_0294.wav,Crying
devel_0295.wav,Crying
devel_0296.wav,Crying
devel_0297.wav,Crying
devel_0298.wav,Crying
devel_0299.wav,Crying
devel_0300.wav,Crying
devel_0301.wav,Crying
devel_0302.wav,Crying
devel_0303.wav,Crying
devel_0304.wav,Crying
devel_0305.wav,Crying
devel_0306.wav,Crying
devel_0307.wav,Crying
devel_0308.wav,Crying
devel_0309.wav,Crying
devel_0310.wav,Crying
devel_0311.wav,Crying
devel_0312.wav,Crying
devel_0313.wav,Crying
devel_0314.wav,Crying
devel_0315.wav,Crying
devel_0316.wav,Crying
devel_0317.wav,Crying
devel_0318.wav,Crying
devel_0319.wav,Crying
devel_0320.wav,Crying
devel_0321.wav,Crying
devel_0322.wav,Crying
devel_0323.wav,Crying
devel_0324.wav,Crying
devel_0325.wav,Crying
devel_0326.wav,Crying
devel_0327.wav,Crying
devel_0328.wav,Crying
devel_0329.wav,Crying
devel_0330.wav,Crying
devel_0331.wav,Crying
devel_0332.wav,Crying
devel_0333.wav,Crying
devel_0334.wav,Crying
devel_0335.wav,Crying
devel_0336.wav,Crying
devel_0337.wav,Crying
devel_0338.wav,Crying
devel_0339.wav,Crying
devel_0340.wav,Crying
devel_0341.wav,Crying
devel_0342.wav,Crying
devel_0343.wav,Crying
devel_0344.wav,Crying
devel_0345.wav,Crying
devel_0346.wav,Crying
devel_0347.wav,Crying
devel_0348.wav,Crying
devel_0349.wav,Crying
devel_0350.wav,Crying
devel_0351.wav,Crying
devel_0352.wav,Crying
devel_0353.wav,Crying
devel_0354.wav,Crying
devel_0355.wav,Crying
devel_0356.wav,Crying
devel_0357.wav,Crying
devel_0358.wav,Crying
devel_0359.wav,Crying
devel_0360.wav,Crying
devel_0361.wav,Crying
devel_0362.wav,Crying
devel_0363.wav,Crying
devel_0364.wav,Crying
devel_0365.wav,Crying
devel_0366.wav,Crying
devel_0367.wav,Crying
devel_0368.wav,Crying
devel_0369.wav,Crying
devel_0370.wav,Crying
devel_0371.wav,Crying
devel_0372.wav,Crying
devel_0373.wav,Crying
devel_0374.wav,Crying
devel_0375.wav,Crying
devel_0376.wav,Crying
devel_0377.wav,Crying
devel_0378.wav,Crying
devel_0379.wav,Crying
devel_0380.wav,Crying
devel_0381.wav,Crying
devel_0382.wav,Crying
devel_0383.wav,Crying
devel_0384.wav,Crying
devel_0385.wav,Crying
devel_0386.wav,Crying
devel_0387.wav,Crying
devel_0388.wav,Crying
devel_0389.wav,Crying
devel_0390.wav,Crying
devel_0391.wav,Crying
devel_0392.wav,Crying
devel_0393.wav,Crying
devel_0394.wav,Crying
devel_0395.wav,Crying
devel_0396.wav,Crying
devel_0397.wav,Crying
devel_0398.wav,Crying
devel_0399.wav,Crying
devel_0400.wav,Crying
devel_0401.wav,Crying
devel_0402.wav,Crying
devel_0403.wav,Crying
devel_0404.wav,Crying
devel_0405.wav,Crying
devel_0406.wav,Crying
devel_0407.wav,Crying
devel_0408.wav,Crying
devel_0409.wav,Crying
devel_0410.wav,Crying
devel_0411.wav,Crying
devel_0412.wav,Crying
devel_0413.wav,Crying
devel_0414.wav,Crying
devel_0415.wav,Crying
devel_0416.wav,Crying
devel_0417.wav,Crying
devel_0418.wav,Crying
devel_0419.wav,Crying
devel_0420.wav,Crying
devel_0421.wav,Crying
devel_0422.wav,Crying
devel_0423.wav,Crying
devel_0424.wav,Crying
devel_0425.wav,Crying
devel_0426.wav,Crying
devel_0427.wav,Crying
devel_0428.wav,Crying
devel_0429.wav,Crying
devel_0430.wav,Crying
devel_0431.wav,Crying
devel_0432.wav,Crying
devel_0433.wav,Crying
devel_0434.wav,Crying
devel_0435.wav,Crying
devel_0436.wav,Crying
devel_0437.wav,Crying
devel_0438.wav,Crying
devel_0439.wav,Crying
devel_0440.wav,Crying
devel_0441.wav,Crying
devel_0442.wav,Crying
devel_0443.wav,Crying
devel_0444.wav,Crying
devel_0445.wav,Crying
devel_0446.wav,Crying
devel_0447.wav,Crying
devel_0448.wav,Crying
devel_0449.wav,Crying
devel_0450.wav,Crying
devel_0451.wav,Crying
devel_0452.wav,Crying
devel_0453.wav,Crying
devel_0454.wav,Crying
devel_0455.wav,Crying
devel_0456.wav,Crying
devel_0457.wav,Crying
devel_0458.wav,Crying
devel_0459.wav,Crying
devel_0460.wav,Crying
devel_0461.wav,Crying
devel_0462.wav,Crying
devel_0463.wav,Crying
devel_0464.wav,Crying
devel_0465.wav,Crying
devel_0466.wav,Crying
devel_0467.wav,Crying
devel_0468.wav,Crying
devel_0469.wav,Crying
devel_0470.wav,Crying
devel_0471.wav,Crying
devel_0472.wav,Crying
devel_0473.wav,Crying
devel_0474.wav,Crying
devel_0475.wav,Crying
devel_0476.wav,Crying
devel_0477.wav,Crying
devel_0478.wav,Crying
devel_0479.wav,Crying
devel_0480.wav,Crying
devel_0481.wav,Crying
devel_0482.wav,Crying
devel_0483.wav,Crying
devel_0484.wav,Crying
devel_0485.wav,Crying
devel_0486.wav,Crying
devel_0487.wav,Crying
devel_0488.wav,Crying
devel_0489.wav,Crying
devel_0490.wav,Crying
devel_0491.wav,Crying
devel_0492.wav,Crying
devel_0493.wav,Crying
devel_0494.wav,Crying
devel_0495.wav,Crying
devel_0496.wav,Crying
devel_0497.wav,Crying
devel_0498.wav,Crying
devel_0499.wav,Crying
devel_0500.wav,Crying
devel_0501.wav,Crying
devel_0502.wav,Crying
devel_0503.wav,Crying
devel_0504.wav,Crying
devel_0505.wav,Crying
devel_0506.wav,Crying
devel_0507.wav,Crying
devel_0508.wav,Crying
devel_0509.wav,Crying
devel_0510.wav,Crying
devel_0511.wav,Crying
devel_0512.wav,Crying
devel_0513.wav,Crying
devel_0514.wav,Crying
devel_0515.wav,Crying
devel_0516.wav,Crying
devel_0517.wav,Crying
devel_0518.wav,Crying
devel_0519.wav,Crying
devel_0520.wav,Crying
devel_0521.wav,Crying
devel_0522.wav,Crying
devel_0523.wav,Crying
devel_0524.wav,Crying
devel_0525.wav,Crying
devel_0526.wav,Crying
devel_0527.wav,Crying
devel_0528.wav,Crying
devel_0529.wav,Crying
devel_0530.wav,Crying
devel_0531.wav,Crying
devel_0532.wav,Crying
devel_0533.wav,Crying
devel_0534.wav,Crying
devel_0535.wav,Crying
devel_0536.wav,Crying
devel_0537.wav,Crying
devel_0538.wav,Crying
devel_0539.wav,Crying
devel_0540.wav,Crying
devel_0541.wav,Crying
devel_0542.wav,Crying
devel_0543.wav,Crying
devel_0544.wav,Crying
devel_0545.wav,Crying
devel_0546.wav,Crying
devel_0547.wav,Crying
devel_0548.wav,Crying
devel_0549.wav,Crying
devel_0550.wav,Crying
devel_0551.wav,Crying
devel_0552.wav,Crying
devel_0553.wav,Crying
devel_0554.wav,Crying
devel_0555.wav,Crying
devel_0556.wav,Crying
devel_0557.wav,Crying
devel_0558.wav,Crying
devel_0559.wav,Crying
devel_0560.wav,Crying
devel_0561.wav,Crying
devel_0562.wav,Crying
devel_0563.wav,Crying
devel_0564.wav,Crying
devel_0565.wav,Crying
devel_0566.wav,Crying
devel_0567.wav,Crying
devel_0568.wav,Crying
devel_0569.wav,Crying
devel_0570.wav,Crying
devel_0571.wav,Crying
devel_0572.wav,Crying
devel_0573.wav,Crying
devel_0574.wav,Crying
devel_0575.wav,Crying
devel_0576.wav,Crying
devel_0577.wav,Crying
devel_0578.wav,Crying
devel_0579.wav,Crying
devel_0580.wav,Crying
devel_0581.wav,Crying
devel_0582.wav,Crying
devel_0583.wav,Crying
devel_0584.wav,Crying
devel_0585.wav,Crying
devel_0586.wav,Crying
devel_0587.wav,Crying
devel_0588.wav,Crying
devel_0589.wav,Crying
devel_0590.wav,Crying
devel_0591.wav,Crying
devel_0592.wav,Crying
devel_0593.wav,Crying
devel_0594.wav,Crying
devel_0595.wav,Crying
devel_0596.wav,Crying
devel_0597.wav,Crying
devel_0598.wav,Crying
devel_0599.wav,Crying
devel_0600.wav,Crying
devel_0601.wav,Crying
devel_0602.wav,Crying
devel_0603.wav,Crying
devel_0604.wav,Crying
devel_0605.wav,Crying
devel_0606.wav,Crying
devel_0607.wav,Crying
devel_0608.wav,Crying
devel_0609.wav,Crying
devel_0610.wav,Crying
devel_0611.wav,Crying
devel_0612.wav,Crying
devel_0613.wav,Crying
devel_0614.wav,Crying
devel_0615.wav,Crying
devel_0616.wav,Crying
devel_0617.wav,Crying
devel_0618.wav,Crying
devel_0619.wav,Crying
devel_0620.wav,Crying
devel_0621.wav,Crying
devel_0622.wav,Crying
devel_0623.wav,Crying
devel_0624.wav,Crying
devel_0625.wav,Crying
devel_0626.wav,Crying
devel_0627.wav,Crying
devel_0628.wav,Crying
devel_0629.wav,Crying
devel_0630.wav,Crying
devel_0631.wav,Crying
devel_0632.wav,Crying
devel_0633.wav,Crying
devel_0634.wav,Crying
devel_0635.wav,Crying
devel_0636.wav,Crying
devel_0637.wav,Crying
devel_0638.wav,Crying
devel_0639.wav,Crying
devel_0640.wav,Crying
devel_0641.wav,Crying
devel_0642.wav,Crying
devel_0643.wav,Crying
devel_0644.wav,Crying
devel_0645.wav,Crying
devel_0646.wav,Crying
devel_0647.wav,Crying
devel_0648.wav,Crying
devel_0649.wav,Crying
devel_0650.wav,Crying
devel_0651.wav,Crying
devel_0652.wav,Crying
devel_0653.wav,Crying
devel_0654.wav,Crying
devel_0655.wav,Crying
devel_0656.wav,Crying
devel_0657.wav,Crying
devel_0658.wav,Crying
devel_0659.wav,Crying
devel_0660.wav,Crying
devel_0661.wav,Crying
devel_0662.wav,Crying
devel_0663.wav,Crying
devel_0664.wav,Crying
devel_0665.wav,Crying
devel_0666.wav,Crying
devel_0667.wav,Crying
devel_0668.wav,Crying
devel_0669.wav,Crying
devel_0670.wav,Crying
devel_0671.wav,Crying
devel_0672.wav,Crying
devel_0673.wav,Crying
devel_0674.wav,Crying
devel_0675.wav,Crying
devel_0676.wav,Crying
devel_0677.wav,Crying
devel_0678.wav,Crying
devel_0679.wav,Crying
devel_0680.wav,Crying
devel_0681.wav,Crying
devel_0682.wav,Crying
devel_0683.wav,Crying
devel_0684.wav,Crying
devel_0685.wav,Crying
devel_0686.wav,Crying
devel_0687.wav,Crying
devel_0688.wav,Crying
devel_0689.wav,Crying
devel_0690.wav,Crying
devel_0691.wav,Crying
devel_0692.wav,Crying
devel_0693.wav,Crying
devel_0694.wav,Crying
devel_0695.wav,Crying
devel_0696.wav,Crying
devel_0697.wav,Crying
devel_0698.wav,Crying
devel_0699.wav,Crying
devel_0700.wav,Crying
devel_0701.wav,Crying
devel_0702.wav,Crying
devel_0703.wav,Crying
devel_0704.wav,Crying
devel_0705.wav,Crying
devel_0706.wav,Crying
devel_0707.wav,Crying
devel_0708.wav,Crying
devel_0709.wav,Crying
devel_0710.wav,Crying
devel_0711.wav,Crying
devel_0712.wav,Crying
devel_0713.wav,Crying
devel_0714.wav,Crying
devel_0715.wav,Crying
devel_0716.wav,Crying
devel_0717.wav,Crying
devel_0718.wav,Crying
devel_0719.wav,Crying
devel_0720.wav,Crying
devel_0721.wav,Crying
devel_0722.wav,Crying
devel_0723.wav,Crying
devel_0724.wav,Crying
devel_0725.wav,Crying
devel_0726.wav,Crying
devel_0727.wav,Crying
devel_0728.wav,Crying
devel_0729.wav,Crying
devel_0730.wav,Crying
devel_0731.wav,Crying
devel_0732.wav,Crying
devel_0733.wav,Crying
devel_0734.wav,Crying
devel_0735.wav,Crying
devel_0736.wav,Crying
devel_0737.wav,Crying
devel_0738.wav,Crying
devel_0739.wav,Crying
devel_0740.wav,Crying
devel_0741.wav,Crying
devel_0742.wav,Crying
devel_0743.wav,Crying
devel_0744.wav,Crying
devel_0745.wav,Crying
devel_0746.wav,Crying
devel_0747.wav,Crying
devel_0748.wav,Crying
devel_0749.wav,Crying
devel_0750.wav,Crying
devel_0751.wav,Crying
devel_0752.wav,Crying
devel_0753.wav,Crying
devel_0754.wav,Crying
devel_0755.wav,Crying
devel_0756.wav,Crying
devel_0757.wav,Crying
devel_0758.wav,Crying
devel_0759.wav,Crying
devel_0760.wav,Crying
devel_0761.wav,Crying
devel_0762.wav,Crying
devel_0763.wav,Crying
devel_0764.wav,Crying
devel_0765.wav,Crying
devel_0766.wav,Crying
devel_0767.wav,Crying
devel_0768.wav,Crying
devel_0769.wav,Crying
devel_0770.wav,Crying
devel_0771.wav,Crying
devel_0772.wav,Crying
devel_0773.wav,Crying
devel_0774.wav,Crying
devel_0775.wav,Crying
devel_0776.wav,Crying
devel_0777.wav,Crying
devel_0778.wav,Crying
devel_0779.wav,Crying
devel_0780.wav,Crying
devel_0781.wav,Crying
devel_0782.wav,Crying
devel_0783.wav,Crying
devel_0784.wav,Crying
devel_0785.wav,Crying
devel_0786.wav,Crying
devel_0787.wav,Crying
devel_0788.wav,Crying
devel_0789.wav,Crying
devel_0790.wav,Crying
devel_0791.wav,Crying
devel_0792.wav,Crying
devel_0793.wav,Crying
devel_0794.wav,Crying
devel_0795.wav,Crying
devel_0796.wav,Crying
devel_0797.wav,Crying
devel_0798.wav,Crying
devel_0799.wav,Crying
devel_0800.wav,Crying
devel_0801.wav,Crying
devel_0802.wav,Crying
devel_0803.wav,Crying
devel_0804.wav,Crying
devel_0805.wav,Crying
devel_0806.wav,Crying
devel_0807.wav,Crying
devel_0808.wav,Crying
devel_0809.wav,Crying
devel_0810.wav,Crying
devel_0811.wav,Crying
devel_0812.wav,Crying
devel_0813.wav,Crying
devel_0814.wav,Crying
devel_0815.wav,Crying
devel_0816.wav,Crying
devel_0817.wav,Crying
devel_0818.wav,Crying
devel_0819.wav,Crying
devel_0820.wav,Crying
devel_0821.wav,Crying
devel_0822.wav,Crying
devel_0823.wav,Crying
devel_0824.wav,Crying
devel_0825.wav,Crying
devel_0826.wav,Crying
devel_0827.wav,Crying
devel_0828.wav,Crying
devel_0829.wav,Crying
devel_0830.wav,Crying
devel_0831.wav,Crying
devel_0832.wav,Crying
devel_0833.wav,Crying
devel_0834.wav,Crying
devel_0835.wav,Crying
devel_0836.wav,Crying
devel_0837.wav,Crying
devel_0838.wav,Crying
devel_0839.wav,Crying
devel_0840.wav,Crying
devel_0841.wav,Crying
devel_0842.wav,Crying
devel_0843.wav,Crying
devel_0844.wav,Crying
devel_0845.wav,Crying
devel_0846.wav,Crying
devel_0847.wav,Crying
devel_0848.wav,Crying
devel_0849.wav,Crying
devel_0850.wav,Crying
devel_0851.wav,Crying
devel_0852.wav,Crying
devel_0853.wav,Crying
devel_0854.wav,Crying
devel_0855.wav,Crying
devel_0856.wav,Crying
devel_0857.wav,Crying
devel_0858.wav,Crying
devel_0859.wav,Crying
devel_0860.wav,Crying
devel_0861.wav,Crying
devel_0862.wav,Crying
devel_0863.wav,Crying
devel_0864.wav,Crying
devel_0865.wav,Crying
devel_0866.wav,Crying
devel_0867.wav,Crying
devel_0868.wav,Crying
devel_0869.wav,Crying
devel_0870.wav,Crying
devel_0871.wav,Crying
devel_0872.wav,Crying
devel_0873.wav,Crying
devel_0874.wav,Crying
devel_0875.wav,Crying
devel_0876.wav,Crying
devel_0877.wav,Crying
devel_0878.wav,Crying
devel_0879.wav,Crying
devel_0880.wav,Crying
devel_0881.wav,Crying
devel_0882.wav,Crying
devel_0883.wav,Crying
devel_0884.wav,Crying
devel_0885.wav,Crying
devel_0886.wav,Crying
devel_0887.wav,Crying
devel_0888.wav,Crying
devel_0889.wav,Crying
devel_0890.wav,Crying
devel_0891.wav,Crying
devel_0892.wav,Crying
devel_0893.wav,Crying
devel_0894.wav,Crying
devel_0895.wav,Crying
devel_0896.wav,Crying
devel_0897.wav,Crying
devel_0898.wav,Crying
devel_0899.wav,Crying
devel_0900.wav,Crying
devel_0901.wav,Crying
devel_0902.wav,Crying
devel_0903.wav,Crying
devel_0904.wav,Crying
devel_0905.wav,Crying
devel_0906.wav,Crying
devel_0907.wav,Crying
devel_0908.wav,Crying
devel_0909.wav,Crying
devel_0910.wav,Crying
devel_0911.wav,Crying
devel_0912.wav,Crying
devel_0913.wav,Crying
devel_0914.wav,Crying
devel_0915.wav,Crying
devel_0916.wav,Crying
devel_0917.wav,Crying
devel_0918.wav,Crying
devel_0919.wav,Crying
devel_0920.wav,Crying
devel_0921.wav,Crying
devel_0922.wav,Crying
devel_0923.wav,Crying
devel_0924.wav,Crying
devel_0925.wav,Crying
devel_0926.wav,Crying
devel_0927.wav,Crying
devel_0928.wav,Crying
devel_0929.wav,Crying
devel_0930.wav,Crying
devel_0931.wav,Crying
devel_0932.wav,Crying
devel_0933.wav,Crying
devel_0934.wav,Crying
devel_0935.wav,Crying
devel_0936.wav,Crying
devel_0937.wav,Crying
devel_0938.wav,Crying
devel_0939.wav,Crying
devel_0940.wav,Crying
devel_0941.wav,Crying
devel_0942.wav,Crying
devel_0943.wav,Crying
devel_0944.wav,Crying
devel_0945.wav,Crying
devel_0946.wav,Crying
devel_0947.wav,Crying
devel_0948.wav,Crying
devel_0949.wav,Crying
devel_0950.wav,Crying
devel_0951.wav,Crying
devel_0952.wav,Crying
devel_0953.wav,Crying
devel_0954.wav,Crying
devel_0955.wav,Crying
devel_0956.wav,Crying
devel_0957.wav,Crying
devel_0958.wav,Crying
devel_0959.wav,Crying
devel_0960.wav,Crying
devel_0961.wav,Crying
devel_0962.wav,Crying
devel_0963.wav,Crying
devel_0964.wav,Crying
devel_0965.wav,Crying
devel_0966.wav,Crying
devel_0967.wav,Crying
devel_0968.wav,Crying
devel_0969.wav,Crying
devel_0970.wav,Crying
devel_0971.wav,Crying
devel_0972.wav,Crying
devel_0973.wav,Crying
devel_0974.wav,Crying
devel_0975.wav,Crying
devel_0976.wav,Crying
devel_0977.wav,Crying
devel_0978.wav,Crying
devel_0979.wav,Crying
devel_0980.wav,Crying
devel_0981.wav,Crying
devel_0982.wav,Crying
devel_0983.wav,Crying
devel_0984.wav,Crying
devel_0985.wav,Crying
devel_0986.wav,Crying
devel_0987.wav,Crying
devel_0988.wav,Crying
devel_0989.wav,Crying
devel_0990.wav,Crying
devel_0991.wav,Crying
devel_0992.wav,Crying
devel_0993.wav,Crying
devel_0994.wav,Crying
devel_0995.wav,Crying
devel_0996.wav,Crying
devel_0997.wav,Crying
devel_0998.wav,Crying
devel_0999.wav,Crying
devel_1000.wav,Crying
devel_1001.wav,Crying
devel_1002.wav,Crying
devel_1003.wav,Crying
devel_1004.wav,Crying
devel_1005.wav,Crying
devel_1006.wav,Crying
devel_1007.wav,Crying
devel_1008.wav,Crying
devel_1009.wav,Crying
devel_1010.wav,Crying
devel_1011.wav,Crying
devel_1012.wav,Crying
devel_1013.wav,Crying
devel_1014.wav,Crying
devel_1015.wav,Crying
devel_1016.wav,Crying
devel_1017.wav,Crying
devel_1018.wav,Crying
devel_1019.wav,Crying
devel_1020.wav,Crying
devel_1021.wav,Crying
devel_1022.wav,Crying
devel_1023.wav,Crying
devel_1024.wav,Crying
devel_1025.wav,Crying
devel_1026.wav,Crying
devel_1027.wav,Crying
devel_1028.wav,Crying
devel_1029.wav,Crying
devel_1030.wav,Crying
devel_1031.wav,Crying
devel_1032.wav,Crying
devel_1033.wav,Crying
devel_1034.wav,Crying
devel_1035.wav,Crying
devel_1036.wav,Crying
devel_1037.wav,Crying
devel_1038.wav,Crying
devel_1039.wav,Crying
devel_1040.wav,Crying
devel_1041.wav,Crying
devel_1042.wav,Crying
devel_1043.wav,Crying
devel_1044.wav,Crying
devel_1045.wav,Crying
devel_1046.wav,Crying
devel_1047.wav,Crying
devel_1048.wav,Crying
devel_1049.wav,Crying
devel_1050.wav,Crying
devel_1051.wav,Crying
devel_1052.wav,Crying
devel_1053.wav,Crying
devel_1054.wav,Crying
devel_1055.wav,Crying
devel_1056.wav,Crying
devel_1057.wav,Crying
devel_1058.wav,Crying
devel_1059.wav,Crying
devel_1060.wav,Crying
devel_1061.wav,Crying
devel_1062.wav,Crying
devel_1063.wav,Crying
devel_1064.wav,Crying
devel_1065.wav,Crying
devel_1066.wav,Crying
devel_1067.wav,Crying
devel_1068.wav,Crying
devel_1069.wav,Crying
devel_1070.wav,Crying
devel_1071.wav,Crying
devel_1072.wav,Crying
devel_1073.wav,Crying
devel_1074.wav,Crying
devel_1075.wav,Crying
devel_1076.wav,Crying
devel_1077.wav,Crying
devel_1078.wav,Crying
devel_1079.wav,Crying
devel_1080.wav,Crying
devel_1081.wav,Crying
devel_1082.wav,Crying
devel_1083.wav,Crying
devel_1084.wav,Crying
devel_1085.wav,Crying
devel_1086.wav,Crying
devel_1087.wav,Crying
devel_1088.wav,Crying
devel_1089.wav,Crying
devel_1090.wav,Crying
devel_1091.wav,Crying
devel_1092.wav,Crying
devel_1093.wav,Crying
devel_1094.wav,Crying
devel_1095.wav,Crying
devel_1096.wav,Crying
devel_1097.wav,Crying
devel_1098.wav,Crying
devel_1099.wav,Crying
devel_1100.wav,Crying
devel_1101.wav,Crying
devel_1102.wav,Crying
devel_1103.wav,Crying
devel_1104.wav,Crying
devel_1105.wav,Crying
devel_1106.wav,Crying
devel_1107.wav,Crying
devel_1108.wav,Crying
devel_1109.wav,Crying
devel_1110.wav,Crying
devel_1111.wav,Crying
devel_1112.wav,Crying
devel_1113.wav,Crying
devel_1114.wav,Crying
devel_1115.wav,Crying
devel_1116.wav,Crying
devel_1117.wav,Crying
devel_1118.wav,Crying
devel_1119.wav,Crying
devel_1120.wav,Crying
devel_1121.wav,Crying
devel_1122.wav,Crying
devel_1123.wav,Crying
devel_1124.wav,Crying
devel_1125.wav,Crying
devel_1126.wav,Crying
devel_1127.wav,Crying
devel_1128.wav,Crying
devel_1129.wav,Crying
devel_1130.wav,Crying
devel_1131.wav,Crying
devel_1132.wav,Crying
devel_1133.wav,Crying
devel_1134.wav,Crying
devel_1135.wav,Crying
devel_1136.wav,Crying
devel_1137.wav,Crying
devel_1138.wav,Crying
devel_1139.wav,Crying
devel_1140.wav,Crying
devel_1141.wav,Crying
devel_1142.wav,Crying
devel_1143.wav,Crying
devel_1144.wav,Crying
devel_1145.wav,Crying
devel_1146.wav,Crying
devel_1147.wav,Crying
devel_1148.wav,Crying
devel_1149.wav,Crying
devel_1150.wav,Crying
devel_1151.wav,Crying
devel_1152.wav,Crying
devel_1153.wav,Crying
devel_1154.wav,Crying
devel_1155.wav,Crying
devel_1156.wav,Crying
devel_1157.wav,Crying
devel_1158.wav,Crying
devel_1159.wav,Crying
devel_1160.wav,Crying
devel_1161.wav,Crying
devel_1162.wav,Crying
devel_1163.wav,Crying
devel_1164.wav,Crying
devel_1165.wav,Crying
devel_1166.wav,Crying
devel_1167.wav,Crying
devel_1168.wav,Crying
devel_1169.wav,Crying
devel_1170.wav,Crying
devel_1171.wav,Crying
devel_1172.wav,Crying
devel_1173.wav,Crying
devel_1174.wav,Crying
devel_1175.wav,Crying
devel_1176.wav,Crying
devel_1177.wav,Crying
devel_1178.wav,Crying
devel_1179.wav,Crying
devel_1180.wav,Crying
devel_1181.wav,Crying
devel_1182.wav,Crying
devel_1183.wav,Crying
devel_1184.wav,Crying
devel_1185.wav,Crying
devel_1186.wav,Crying
devel_1187.wav,Crying
devel_1188.wav,Crying
devel_1189.wav,Crying
devel_1190.wav,Crying
devel_1191.wav,Crying
devel_1192.wav,Crying
devel_1193.wav,Crying
devel_1194.wav,Crying
devel_1195.wav,Crying
devel_1196.wav,Crying
devel_1197.wav,Crying
devel_1198.wav,Crying
devel_1199.wav,Crying
devel_1200.wav,Crying
devel_1201.wav,Crying
devel_1202.wav,Crying
devel_1203.wav,Crying
devel_1204.wav,Crying
devel_1205.wav,Crying
devel_1206.wav,Crying
devel_1207.wav,Crying
devel_1208.wav,Crying
devel_1209.wav,Crying
devel_1210.wav,Crying
devel_1211.wav,Crying
devel_1212.wav,Crying
devel_1213.wav,Crying
devel_1214.wav,Crying
devel_1215.wav,Crying
devel_1216.wav,Crying
devel_1217.wav,Crying
devel_1218.wav,Crying
devel_1219.wav,Crying
devel_1220.wav,Crying
devel_1221.wav,Crying
devel_1222.wav,Crying
devel_1223.wav,Crying
devel_1224.wav,Crying
devel_1225.wav,Crying
devel_1226.wav,Crying
devel_1227.wav,Crying
devel_1228.wav,Crying
devel_1229.wav,Crying
devel_1230.wav,Crying
devel_1231.wav,Crying
devel_1232.wav,Crying
devel_1233.wav,Crying
devel_1234.wav,Crying
devel_1235.wav,Crying
devel_1236.wav,Crying
devel_1237.wav,Crying
devel_1238.wav,Crying
devel_1239.wav,Crying
devel_1240.wav,Crying
devel_1241.wav,Crying
devel_1242.wav,Crying
devel_1243.wav,Crying
devel_1244.wav,Crying
devel_1245.wav,Crying
devel_1246.wav,Crying
devel_1247.wav,Crying
devel_1248.wav,Crying
devel_1249.wav,Crying
devel_1250.wav,Crying
devel_1251.wav,Crying
devel_1252.wav,Crying
devel_1253.wav,Crying
devel_1254.wav,Crying
devel_1255.wav,Crying
devel_1256.wav,Crying
devel_1257.wav,Crying
devel_1258.wav,Crying
devel_1259.wav,Crying
devel_1260.wav,Crying
devel_1261.wav,Crying
devel_1262.wav,Crying
devel_1263.wav,Crying
devel_1264.wav,Crying
devel_1265.wav,Crying
devel_1266.wav,Crying
devel_1267.wav,Crying
devel_1268.wav,Crying
devel_1269.wav,Crying
devel_1270.wav,Crying
devel_1271.wav,Crying
devel_1272.wav,Crying
devel_1273.wav,Crying
devel_1274.wav,Crying
devel_1275.wav,Crying
devel_1276.wav,Crying
devel_1277.wav,Crying
devel_1278.wav,Crying
devel_1279.wav,Crying
devel_1280.wav,Crying
devel_1281.wav,Crying
devel_1282.wav,Crying
devel_1283.wav,Crying
devel_1284.wav,Crying
devel_1285.wav,Crying
devel_1286.wav,Crying
devel_1287.wav,Crying
devel_1288.wav,Crying
devel_1289.wav,Crying
devel_1290.wav,Crying
devel_1291.wav,Crying
devel_1292.wav,Crying
devel_1293.wav,Crying
devel_1294.wav,Crying
devel_1295.wav,Crying
devel_1296.wav,Crying
devel_1297.wav,Crying
devel_1298.wav,Crying
devel_1299.wav,Crying
devel_1300.wav,Crying
devel_1301.wav,Crying
devel_1302.wav,Crying
devel_1303.wav,Crying
devel_1304.wav,Crying
devel_1305.wav,Crying
devel_1306.wav,Crying
devel_1307.wav,Crying
devel_1308.wav,Crying
devel_1309.wav,Crying
devel_1310.wav,Crying
devel_1311.wav,Crying
devel_1312.wav,Crying
devel_1313.wav,Crying
devel_1314.wav,Crying
devel_1315.wav,Crying
devel_1316.wav,Crying
devel_1317.wav,Crying
devel_1318.wav,Crying
devel_1319.wav,Crying
devel_1320.wav,Crying
devel_1321.wav,Crying
devel_1322.wav,Crying
devel_1323.wav,Crying
devel_1324.wav,Crying
devel_1325.wav,Crying
devel_1326.wav,Crying
devel_1327.wav,Crying
devel_1328.wav,Crying
devel_1329.wav,Crying
devel_1330.wav,Crying
devel_1331.wav,Crying
devel_1332.wav,Crying
devel_1333.wav,Crying
devel_1334.wav,Crying
devel_1335.wav,Crying
devel_1336.wav,Crying
devel_1337.wav,Crying
devel_1338.wav,Crying
devel_1339.wav,Crying
devel_1340.wav,Crying
devel_1341.wav,Crying
devel_1342.wav,Crying
devel_1343.wav,Crying
devel_1344.wav,Crying
devel_1345.wav,Crying
devel_1346.wav,Crying
devel_1347.wav,Crying
devel_1348.wav,Crying
devel_1349.wav,Crying
devel_1350.wav,Crying
devel_1351.wav,Crying
devel_1352.wav,Crying
devel_1353.wav,Crying
devel_1354.wav,Crying
devel_1355.wav,Crying
devel_1356.wav,Crying
devel_1357.wav,Crying
devel_1358.wav,Crying
devel_1359.wav,Crying
devel_1360.wav,Crying
devel_1361.wav,Crying
devel_1362.wav,Crying
devel_1363.wav,Crying
devel_1364.wav,Crying
devel_1365.wav,Crying
devel_1366.wav,Crying
devel_1367.wav,Crying
devel_1368.wav,Crying
devel_1369.wav,Crying
devel_1370.wav,Crying
devel_1371.wav,Crying
devel_1372.wav,Crying
devel_1373.wav,Crying
devel_1374.wav,Crying
devel_1375.wav,Crying
devel_1376.wav,Crying
devel_1377.wav,Crying
devel_1378.wav,Crying
devel_1379.wav,Crying
devel_1380.wav,Crying
devel_1381.wav,Crying
devel_1382.wav,Crying
devel_1383.wav,Crying
devel_1384.wav,Crying
devel_1385.wav,Crying
devel_1386.wav,Crying
devel_1387.wav,Crying
devel_1388.wav,Crying
devel_1389.wav,Crying
devel_1390.wav,Crying
devel_1391.wav,Crying
devel_1392.wav,Crying
devel_1393.wav,Crying
devel_1394.wav,Crying
devel_1395.wav,Crying
devel_1396.wav,Crying
devel_1397.wav,Crying
devel_1398.wav,Crying
devel_1399.wav,Crying
devel_1400.wav,Crying
devel_1401.wav,Crying
devel_1402.wav,Crying
devel_1403.wav,Crying
devel_1404.wav,Crying
devel_1405.wav,Crying
devel_1406.wav,Crying
devel_1407.wav,Crying
devel_1408.wav,Crying
devel_1409.wav,Crying
devel_1410.wav,Crying
devel_1411.wav,Crying
devel_1412.wav,Crying
devel_1413.wav,Crying
devel_1414.wav,Crying
devel_1415.wav,Crying
devel_1416.wav,Crying
devel_1417.wav,Crying
devel_1418.wav,Crying
devel_1419.wav,Crying
devel_1420.wav,Crying
devel_1421.wav,Crying
devel_1422.wav,Crying
devel_1423.wav,Crying
devel_1424.wav,Crying
devel_1425.wav,Crying
devel_1426.wav,Crying
devel_1427.wav,Crying
devel_1428.wav,Crying
devel_1429.wav,Crying
devel_1430.wav,Crying
devel_1431.wav,Crying
devel_1432.wav,Crying
devel_1433.wav,Crying
devel_1434.wav,Crying
devel_1435.wav,Crying
devel_1436.wav,Crying
devel_1437.wav,Crying
devel_1438.wav,Crying
devel_1439.wav,Crying
devel_1440.wav,Crying
devel_1441.wav,Crying
devel_1442.wav,Crying
devel_1443.wav,Crying
devel_1444.wav,Crying
devel_1445.wav,Crying
devel_1446.wav,Crying
devel_1447.wav,Crying
devel_1448.wav,Crying
devel_1449.wav,Crying
devel_1450.wav,Crying
devel_1451.wav,Crying
devel_1452.wav,Crying
devel_1453.wav,Crying
devel_1454.wav,Crying
devel_1455.wav,Crying
devel_1456.wav,Crying
devel_1457.wav,Crying
devel_1458.wav,Crying
devel_1459.wav,Crying
devel_1460.wav,Crying
devel_1461.wav,Crying
devel_1462.wav,Crying
devel_1463.wav,Crying
devel_1464.wav,Crying
devel_1465.wav,Crying
devel_1466.wav,Crying
devel_1467.wav,Crying
devel_1468.wav,Crying
devel_1469.wav,Crying
devel_1470.wav,Crying
devel_1471.wav,Crying
devel_1472.wav,Crying
devel_1473.wav,Crying
devel_1474.wav,Crying
devel_1475.wav,Crying
devel_1476.wav,Crying
devel_1477.wav,Crying
devel_1478.wav,Crying
devel_1479.wav,Crying
devel_1480.wav,Crying
devel_1481.wav,Crying
devel_1482.wav,Crying
devel_1483.wav,Crying
devel_1484.wav,Crying
devel_1485.wav,Crying
devel_1486.wav,Crying
devel_1487.wav,Crying
devel_1488.wav,Crying
devel_1489.wav,Crying
devel_1490.wav,Crying
devel_1491.wav,Crying
devel_1492.wav,Crying
devel_1493.wav,Crying
devel_1494.wav,Crying
devel_1495.wav,Crying
devel_1496.wav,Crying
devel_1497.wav,Crying
devel_1498.wav,Crying
devel_1499.wav,Crying
devel_1500.wav,Crying
devel_1501.wav,Crying
devel_1502.wav,Crying
devel_1503.wav,Crying
devel_1504.wav,Crying
devel_1505.wav,Crying
devel_1506.wav,Crying
devel_1507.wav,Crying
devel_1508.wav,Crying
devel_1509.wav,Crying
devel_1510.wav,Crying
devel_1511.wav,Crying
devel_1512.wav,Crying
devel_1513.wav,Crying
devel_1514.wav,Crying
devel_1515.wav,Crying
devel_1516.wav,Crying
devel_1517.wav,Crying
devel_1518.wav,Crying
devel_1519.wav,Crying
devel_1520.wav,Crying
devel_1521.wav,Crying
devel_1522.wav,Crying
devel_1523.wav,Crying
devel_1524.wav,Crying
devel_1525.wav,Crying
devel_1526.wav,Crying
devel_1527.wav,Crying
devel_1528.wav,Crying
devel_1529.wav,Crying
devel_1530.wav,Crying
devel_1531.wav,Crying
devel_1532.wav,Crying
devel_1533.wav,Crying
devel_1534.wav,Crying
devel_1535.wav,Crying
devel_1536.wav,Crying
devel_1537.wav,Crying
devel_1538.wav,Crying
devel_1539.wav,Crying
devel_1540.wav,Crying
devel_1541.wav,Crying
devel_1542.wav,Crying
devel_1543.wav,Crying
devel_1544.wav,Crying
devel_1545.wav,Crying
devel_1546.wav,Crying
devel_1547.wav,Crying
devel_1548.wav,Crying
devel_1549.wav,Crying
devel_1550.wav,Crying
devel_1551.wav,Crying
devel_1552.wav,Crying
devel_1553.wav,Crying
devel_1554.wav,Crying
devel_1555.wav,Crying
devel_1556.wav,Crying
devel_1557.wav,Crying
devel_1558.wav,Crying
devel_1559.wav,Crying
devel_1560.wav,Crying
devel_1561.wav,Crying
devel_1562.wav,Crying
devel_1563.wav,Crying
devel_1564.wav,Crying
devel_1565.wav,Crying
devel_1566.wav,Crying
devel_1567.wav,Crying
devel_1568.wav,Crying
devel_1569.wav,Crying
devel_1570.wav,Crying
devel_1571.wav,Crying
devel_1572.wav,Crying
devel_1573.wav,Crying
devel_1574.wav,Crying
devel_1575.wav,Crying
devel_1576.wav,Crying
devel_1577.wav,Crying
devel_1578.wav,Crying
devel_1579.wav,Crying
devel_1580.wav,Crying
devel_1581.wav,Crying
devel_1582.wav,Crying
devel_1583.wav,Crying
devel_1584.wav,Crying
devel_1585.wav,Crying
devel_1586.wav,Crying
devel_1587.wav,Crying
devel_1588.wav,Crying
devel_1589.wav,Crying
devel_1590.wav,Crying
devel_1591.wav,Crying
devel_1592.wav,Crying
devel_1593.wav,Crying
devel_1594.wav,Crying
devel_1595.wav,Crying
devel_1596.wav,Crying
devel_1597.wav,Crying
devel_1598.wav,Crying
devel_1599.wav,Crying
devel_1600.wav,Crying
devel_1601.wav,Crying
devel_1602.wav,Crying
devel_1603.wav,Crying
devel_1604.wav,Crying
devel_1605.wav,Crying
devel_1606.wav,Crying
devel_1607.wav,Crying
devel_1608.wav,Crying
devel_1609.wav,Crying
devel_1610.wav,Crying
devel_1611.wav,Crying
devel_1612.wav,Crying
devel_1613.wav,Crying
devel_1614.wav,Crying
devel_1615.wav,Crying
devel_1616.wav,Crying
devel_1617.wav,Crying
devel_1618.wav,Crying
devel_1619.wav,Crying
devel_1620.wav,Crying
devel_1621.wav,Crying
devel_1622.wav,Crying
devel_1623.wav,Crying
devel_1624.wav,Crying
devel_1625.wav,Crying
devel_1626.wav,Crying
devel_1627.wav,Crying
devel_1628.wav,Crying
devel_1629.wav,Crying
devel_1630.wav,Crying
devel_1631.wav,Crying
devel_1632.wav,Crying
devel_1633.wav,Crying
devel_1634.wav,Crying
devel_1635.wav,Crying
devel_1636.wav,Crying
devel_1637.wav,Crying
devel_1638.wav,Crying
devel_1639.wav,Crying
devel_1640.wav,Crying
devel_1641.wav,Crying
devel_1642.wav,Crying
devel_1643.wav,Crying
devel_1644.wav,Crying
devel_1645.wav,Crying
devel_1646.wav,Crying
devel_1647.wav,Crying
devel_1648.wav,Crying
devel_1649.wav,Crying
devel_1650.wav,Crying
devel_1651.wav,Crying
devel_1652.wav,Crying
devel_1653.wav,Crying
devel_1654.wav,Crying
devel_1655.wav,Crying
devel_1656.wav,Crying
devel_1657.wav,Crying
devel_1658.wav,Crying
devel_1659.wav,Crying
devel_1660.wav,Crying
devel_1661.wav,Crying
devel_1662.wav,Crying
devel_1663.wav,Crying
devel_1664.wav,Crying
devel_1665.wav,Crying
devel_1666.wav,Crying
devel_1667.wav,Crying
devel_1668.wav,Crying
devel_1669.wav,Crying
devel_1670.wav,Crying
devel_1671.wav,Crying
devel_1672.wav,Crying
devel_1673.wav,Crying
devel_1674.wav,Crying
devel_1675.wav,Crying
devel_1676.wav,Crying
devel_1677.wav,Crying
devel_1678.wav,Crying
devel_1679.wav,Crying
devel_1680.wav,Crying
devel_1681.wav,Crying
devel_1682.wav,Crying
devel_1683.wav,Crying
devel_1684.wav,Crying
devel_1685.wav,Crying
devel_1686.wav,Crying
devel_1687.wav,Crying
devel_1688.wav,Crying
devel_1689.wav,Crying
devel_1690.wav,Crying
devel_1691.wav,Crying
devel_1692.wav,Crying
devel_1693.wav,Crying
devel_1694.wav,Crying
devel_1695.wav,Crying
devel_1696.wav,Crying
devel_1697.wav,Crying
devel_1698.wav,Crying
devel_1699.wav,Crying
devel_1700.wav,Crying
devel_1701.wav,Crying
devel_1702.wav,Crying
devel_1703.wav,Crying
devel_1704.wav,Crying
devel_1705.wav,Crying
devel_1706.wav,Crying
devel_1707.wav,Crying
devel_1708.wav,Crying
devel_1709.wav,Crying
devel_1710.wav,Crying
devel_1711.wav,Crying
devel_1712.wav,Crying
devel_1713.wav,Crying
devel_1714.wav,Crying
devel_1715.wav,Crying
devel_1716.wav,Crying
devel_1717.wav,Crying
devel_1718.wav,Crying
devel_1719.wav,Crying
devel_1720.wav,Crying
devel_1721.wav,Crying
devel_1722.wav,Crying
devel_1723.wav,Crying
devel_1724.wav,Crying
devel_1725.wav,Crying
devel_1726.wav,Crying
devel_1727.wav,Crying
devel_1728.wav,Crying
devel_1729.wav,Crying
devel_1730.wav,Crying
devel_1731.wav,Crying
devel_1732.wav,Crying
devel_1733.wav,Crying
devel_1734.wav,Crying
devel_1735.wav,Crying
devel_1736.wav,Crying
devel_1737.wav,Crying
devel_1738.wav,Crying
devel_1739.wav,Crying
devel_1740.wav,Crying
devel_1741.wav,Crying
devel_1742.wav,Crying
devel_1743.wav,Crying
devel_1744.wav,Crying
devel_1745.wav,Crying
devel_1746.wav,Crying
devel_1747.wav,Crying
devel_1748.wav,Crying
devel_1749.wav,Crying
devel_1750.wav,Crying
devel_1751.wav,Crying
devel_1752.wav,Crying
devel_1753.wav,Crying
devel_1754.wav,Crying
devel_1755.wav,Crying
devel_1756.wav,Crying
devel_1757.wav,Crying
devel_1758.wav,Crying
devel_1759.wav,Crying
devel_1760.wav,Crying
devel_1761.wav,Crying
devel_1762.wav,Crying
devel_1763.wav,Crying
devel_1764.wav,Crying
devel_1765.wav,Crying
devel_1766.wav,Crying
devel_1767.wav,Crying
devel_1768.wav,Crying
devel_1769.wav,Crying
devel_1770.wav,Crying
devel_1771.wav,Crying
devel_1772.wav,Crying
devel_1773.wav,Crying
devel_1774.wav,Crying
devel_1775.wav,Crying
devel_1776.wav,Crying
devel_1777.wav,Crying
devel_1778.wav,Crying
devel_1779.wav,Crying
devel_1780.wav,Crying
devel_1781.wav,Crying
devel_1782.wav,Crying
devel_1783.wav,Crying
devel_1784.wav,Crying
devel_1785.wav,Crying
devel_1786.wav,Crying
devel_1787.wav,Crying
devel_1788.wav,Crying
devel_1789.wav,Crying
devel_1790.wav,Crying
devel_1791.wav,Crying
devel_1792.wav,Crying
devel_1793.wav,Crying
devel_1794.wav,Crying
devel_1795.wav,Crying
devel_1796.wav,Crying
devel_1797.wav,Crying
devel_1798.wav,Crying
devel_1799.wav,Crying
devel_1800.wav,Crying
devel_1801.wav,Crying
devel_1802.wav,Crying
devel_1803.wav,Crying
devel_1804.wav,Crying
devel_1805.wav,Crying
devel_1806.wav,Crying
devel_1807.wav,Crying
devel_1808.wav,Crying
devel_1809.wav,Crying
devel_1810.wav,Crying
devel_1811.wav,Crying
devel_1812.wav,Crying
devel_1813.wav,Crying
devel_1814.wav,Crying
devel_1815.wav,Crying
devel_1816.wav,Crying
devel_1817.wav,Crying
devel_1818.wav,Crying
devel_1819.wav,Crying
devel_1820.wav,Crying
devel_1821.wav,Crying
devel_1822.wav,Crying
devel_1823.wav,Crying
devel_1824.wav,Crying
devel_1825.wav,Crying
devel_1826.wav,Crying
devel_1827.wav,Crying
devel_1828.wav,Crying
devel_1829.wav,Crying
devel_1830.wav,Crying
devel_1831.wav,Crying
devel_1832.wav,Crying
devel_1833.wav,Crying
devel_1834.wav,Crying
devel_1835.wav,Crying
devel_1836.wav,Crying
devel_1837.wav,Crying
devel_1838.wav,Crying
devel_1839.wav,Crying
devel_1840.wav,Crying
devel_1841.wav,Crying
devel_1842.wav,Crying
devel_1843.wav,Crying
devel_1844.wav,Crying
devel_1845.wav,Crying
devel_1846.wav,Crying
devel_1847.wav,Crying
devel_1848.wav,Crying
devel_1849.wav,Crying
devel_1850.wav,Crying
devel_1851.wav,Crying
devel_1852.wav,Crying
devel_1853.wav,Crying
devel_1854.wav,Crying
devel_1855.wav,Crying
devel_1856.wav,Crying
devel_1857.wav,Crying
devel_1858.wav,Crying
devel_1859.wav,Crying
devel_1860.wav,Crying
devel_1861.wav,Crying
devel_1862.wav,Crying
devel_1863.wav,Crying
devel_1864.wav,Crying
devel_1865.wav,Crying
devel_1866.wav,Crying
devel_1867.wav,Crying
devel_1868.wav,Crying
devel_1869.wav,Crying
devel_1870.wav,Crying
devel_1871.wav,Crying
devel_1872.wav,Crying
devel_1873.wav,Crying
devel_1874.wav,Crying
devel_1875.wav,Crying
devel_1876.wav,Crying
devel_1877.wav,Crying
devel_1878.wav,Crying
devel_1879.wav,Crying
devel_1880.wav,Crying
devel_1881.wav,Crying
devel_1882.wav,Crying
devel_1883.wav,Crying
devel_1884.wav,Crying
devel_1885.wav,Crying
devel_1886.wav,Crying
devel_1887.wav,Crying
devel_1888.wav,Crying
devel_1889.wav,Crying
devel_1890.wav,Crying
devel_1891.wav,Crying
devel_1892.wav,Crying
devel_1893.wav,Crying
devel_1894.wav,Crying
devel_1895.wav,Crying
devel_1896.wav,Crying
devel_1897.wav,Crying
devel_1898.wav,Crying
devel_1899.wav,Crying
devel_1900.wav,Crying
devel_1901.wav,Crying
devel_1902.wav,Crying
devel_1903.wav,Crying
devel_1904.wav,Crying
devel_1905.wav,Crying
devel_1906.wav,Crying
devel_1907.wav,Crying
devel_1908.wav,Crying
devel_1909.wav,Crying
devel_1910.wav,Crying
devel_1911.wav,Crying
devel_1912.wav,Crying
devel_1913.wav,Crying
devel_1914.wav,Crying
devel_1915.wav,Crying
devel_1916.wav,Crying
devel_1917.wav,Crying
devel_1918.wav,Crying
devel_1919.wav,Crying
devel_1920.wav,Crying
devel_1921.wav,Crying
devel_1922.wav,Crying
devel_1923.wav,Crying
devel_1924.wav,Crying
devel_1925.wav,Crying
devel_1926.wav,Crying
devel_1927.wav,Crying
devel_1928.wav,Crying
devel_1929.wav,Crying
devel_1930.wav,Crying
devel_1931.wav,Crying
devel_1932.wav,Crying
devel_1933.wav,Crying
devel_1934.wav,Crying
devel_1935.wav,Crying
devel_1936.wav,Crying
devel_1937.wav,Crying
devel_1938.wav,Crying
devel_1939.wav,Crying
devel_1940.wav,Crying
devel_1941.wav,Crying
devel_1942.wav,Crying
devel_1943.wav,Crying
devel_1944.wav,Crying
devel_1945.wav,Crying
devel_1946.wav,Crying
devel_1947.wav,Crying
devel_1948.wav,Crying
devel_1949.wav,Crying
devel_1950.wav,Crying
devel_1951.wav,Crying
devel_1952.wav,Crying
devel_1953.wav,Crying
devel_1954.wav,Crying
devel_1955.wav,Crying
devel_1956.wav,Crying
devel_1957.wav,Crying
devel_1958.wav,Crying
devel_1959.wav,Crying
devel_1960.wav,Crying
devel_1961.wav,Crying
devel_1962.wav,Crying
devel_1963.wav,Crying
devel_1964.wav,Crying
devel_1965.wav,Crying
devel_1966.wav,Crying
devel_1967.wav,Crying
devel_1968.wav,Crying
devel_1969.wav,Crying
devel_1970.wav,Crying
devel_1971.wav,Crying
devel_1972.wav,Crying
devel_1973.wav,Crying
devel_1974.wav,Crying
devel_1975.wav,Crying
devel_1976.wav,Crying
devel_1977.wav,Crying
devel_1978.wav,Crying
devel_1979.wav,Crying
devel_1980.wav,Crying
devel_1981.wav,Crying
devel_1982.wav,Crying
devel_1983.wav,Crying
devel_1984.wav,Crying
devel_1985.wav,Crying
devel_1986.wav,Crying
devel_1987.wav,Crying
devel_1988.wav,Crying
devel_1989.wav,Crying
devel_1990.wav,Crying
devel_1991.wav,Crying
devel_1992.wav,Crying
devel_1993.wav,Crying
devel_1994.wav,Crying
devel_1995.wav,Crying
devel_1996.wav,Crying
devel_1997.wav,Crying
devel_1998.wav,Crying
devel_1999.wav,Crying
devel_2000.wav,Crying
devel_2001.wav,Crying
devel_2002.wav,Crying
devel_2003.wav,Crying
devel_2004.wav,Crying
devel_2005.wav,Crying
devel_2006.wav,Crying
devel_2007.wav,Crying
devel_2008.wav,Crying
devel_2009.wav,Crying
devel_2010.wav,Crying
devel_2011.wav,Crying
devel_2012.wav,Crying
devel_2013.wav,Crying
devel_2014.wav,Crying
devel_2015.wav,Crying
devel_2016.wav,Crying
devel_2017.wav,Crying
devel_2018.wav,Crying
devel_2019.wav,Crying
devel_2020.wav,Crying
devel_2021.wav,Crying
devel_2022.wav,Crying
devel_2023.wav,Crying
devel_2024.wav,Crying
devel_2025.wav,Crying
devel_2026.wav,Crying
devel_2027.wav,Crying
devel_2028.wav,Crying
devel_2029.wav,Crying
devel_2030.wav,Crying
devel_2031.wav,Crying
devel_2032.wav,Crying
devel_2033.wav,Crying
devel_2034.wav,Crying
devel_2035.wav,Crying
devel_2036.wav,Crying
devel_2037.wav,Crying
devel_2038.wav,Crying
devel_2039.wav,Crying
devel_2040.wav,Crying
devel_2041.wav,Crying
devel_2042.wav,Crying
devel_2043.wav,Crying
devel_2044.wav,Crying
devel_2045.wav,Crying
devel_2046.wav,Crying
devel_2047.wav,Crying
devel_2048.wav,Crying
devel_2049.wav,Crying
devel_2050.wav,Crying
devel_2051.wav,Crying
devel_2052.wav,Crying
devel_2053.wav,Crying
devel_2054.wav,Crying
devel_2055.wav,Crying
devel_2056.wav,Crying
devel_2057.wav,Crying
devel_2058.wav,Crying
devel_2059.wav,Crying
devel_2060.wav,Crying
devel_2061.wav,Crying
devel_2062.wav,Crying
devel_2063.wav,Crying
devel_2064.wav,Crying
devel_2065.wav,Crying
devel_2066.wav,Crying
devel_2067.wav,Crying
devel_2068.wav,Crying
devel_2069.wav,Crying
devel_2070.wav,Crying
devel_2071.wav,Crying
devel_2072.wav,Crying
devel_2073.wav,Crying
devel_2074.wav,Crying
devel_2075.wav,Crying
devel_2076.wav,Crying
devel_2077.wav,Crying
devel_2078.wav,Crying
devel_2079.wav,Crying
devel_2080.wav,Crying
devel_2081.wav,Crying
devel_2082.wav,Crying
devel_2083.wav,Crying
devel_2084.wav,Crying
devel_2085.wav,Crying
devel_2086.wav,Crying
devel_2087.wav,Crying
devel_2088.wav,Crying
devel_2089.wav,Crying
devel_2090.wav,Crying
devel_2091.wav,Crying
devel_2092.wav,Crying
devel_2093.wav,Crying
devel_2094.wav,Crying
devel_2095.wav,Crying
devel_2096.wav,Crying
devel_2097.wav,Crying
devel_2098.wav,Crying
devel_2099.wav,Crying
devel_2100.wav,Crying
devel_2101.wav,Crying
devel_2102.wav,Crying
devel_2103.wav,Crying
devel_2104.wav,Crying
devel_2105.wav,Crying
devel_2106.wav,Crying
devel_2107.wav,Crying
devel_2108.wav,Crying
devel_2109.wav,Crying
devel_2110.wav,Crying
devel_2111.wav,Crying
devel_2112.wav,Crying
devel_2113.wav,Crying
devel_2114.wav,Crying
devel_2115.wav,Crying
devel_2116.wav,Crying
devel_2117.wav,Crying
devel_2118.wav,Crying
devel_2119.wav,Crying
devel_2120.wav,Crying
devel_2121.wav,Crying
devel_2122.wav,Crying
devel_2123.wav,Crying
devel_2124.wav,Crying
devel_2125.wav,Crying
devel_2126.wav,Crying
devel_2127.wav,Crying
devel_2128.wav,Crying
devel_2129.wav,Crying
devel_2130.wav,Crying
devel_2131.wav,Crying
devel_2132.wav,Crying
devel_2133.wav,Crying
devel_2134.wav,Crying
devel_2135.wav,Crying
devel_2136.wav,Crying
devel_2137.wav,Crying
devel_2138.wav,Crying
devel_2139.wav,Crying
devel_2140.wav,Crying
devel_2141.wav,Crying
devel_2142.wav,Crying
devel_2143.wav,Crying
devel_2144.wav,Crying
devel_2145.wav,Crying
devel_2146.wav,Crying
devel_2147.wav,Crying
devel_2148.wav,Crying
devel_2149.wav,Crying
devel_2150.wav,Crying
devel_2151.wav,Crying
devel_2152.wav,Crying
devel_2153.wav,Crying
devel_2154.wav,Crying
devel_2155.wav,Crying
devel_2156.wav,Crying
devel_2157.wav,Crying
devel_2158.wav,Crying
devel_2159.wav,Crying
devel_2160.wav,Crying
devel_2161.wav,Crying
devel_2162.wav,Crying
devel_2163.wav,Crying
devel_2164.wav,Crying
devel_2165.wav,Crying
devel_2166.wav,Crying
devel_2167.wav,Crying
devel_2168.wav,Crying
devel_2169.wav,Crying
devel_2170.wav,Crying
devel_2171.wav,Crying
devel_2172.wav,Crying
devel_2173.wav,Crying
devel_2174.wav,Crying
devel_2175.wav,Crying
devel_2176.wav,Crying
devel_2177.wav,Crying
devel_2178.wav,Crying
devel_2179.wav,Crying
devel_2180.wav,Crying
devel_2181.wav,Crying
devel_2182.wav,Crying
devel_2183.wav,Crying
devel_2184.wav,Crying
devel_2185.wav,Crying
devel_2186.wav,Crying
devel_2187.wav,Crying
devel_2188.wav,Crying
devel_2189.wav,Crying
devel_2190.wav,Crying
devel_2191.wav,Crying
devel_2192.wav,Crying
devel_2193.wav,Crying
devel_2194.wav,Crying
devel_2195.wav,Crying
devel_2196.wav,Crying
devel_2197.wav,Crying
devel_2198.wav,Crying
devel_2199.wav,Crying
devel_2200.wav,Crying
devel_2201.wav,Crying
devel_2202.wav,Crying
devel_2203.wav,Crying
devel_2204.wav,Crying
devel_2205.wav,Crying
devel_2206.wav,Crying
devel_2207.wav,Crying
devel_2208.wav,Crying
devel_2209.wav,Crying
devel_2210.wav,Crying
devel_2211.wav,Crying
devel_2212.wav,Crying
devel_2213.wav,Crying
devel_2214.wav,Crying
devel_2215.wav,Crying
devel_2216.wav,Crying
devel_2217.wav,Crying
devel_2218.wav,Crying
devel_2219.wav,Crying
devel_2220.wav,Crying
devel_2221.wav,Crying
devel_2222.wav,Crying
devel_2223.wav,Crying
devel_2224.wav,Crying
devel_2225.wav,Crying
devel_2226.wav,Crying
devel_2227.wav,Crying
devel_2228.wav,Crying
devel_2229.wav,Crying
devel_2230.wav,Crying
devel_2231.wav,Crying
devel_2232.wav,Crying
devel_2233.wav,Crying
devel_2234.wav,Crying
devel_2235.wav,Crying
devel_2236.wav,Crying
devel_2237.wav,Crying
devel_2238.wav,Crying
devel_2239.wav,Crying
devel_2240.wav,Crying
devel_2241.wav,Crying
devel_2242.wav,Crying
devel_2243.wav,Crying
devel_2244.wav,Crying
devel_2245.wav,Crying
devel_2246.wav,Crying
devel_2247.wav,Crying
devel_2248.wav,Crying
devel_2249.wav,Crying
devel_2250.wav,Crying
devel_2251.wav,Crying
devel_2252.wav,Crying
devel_2253.wav,Crying
devel_2254.wav,Crying
devel_2255.wav,Crying
devel_2256.wav,Crying
devel_2257.wav,Crying
devel_2258.wav,Crying
devel_2259.wav,Crying
devel_2260.wav,Crying
devel_2261.wav,Crying
devel_2262.wav,Crying
devel_2263.wav,Crying
devel_2264.wav,Crying
devel_2265.wav,Crying
devel_2266.wav,Crying
devel_2267.wav,Crying
devel_2268.wav,Crying
devel_2269.wav,Crying
devel_2270.wav,Crying
devel_2271.wav,Crying
devel_2272.wav,Crying
devel_2273.wav,Crying
devel_2274.wav,Crying
devel_2275.wav,Crying
devel_2276.wav,Crying
devel_2277.wav,Crying
devel_2278.wav,Crying
devel_2279.wav,Crying
devel_2280.wav,Crying
devel_2281.wav,Crying
devel_2282.wav,Crying
devel_2283.wav,Crying
devel_2284.wav,Crying
devel_2285.wav,Crying
devel_2286.wav,Crying
devel_2287.wav,Crying
devel_2288.wav,Crying
devel_2289.wav,Crying
devel_2290.wav,Crying
devel_2291.wav,Crying
devel_2292.wav,Crying
devel_2293.wav,Crying
devel_2294.wav,Crying
devel_2295.wav,Crying
devel_2296.wav,Crying
devel_2297.wav,Crying
devel_2298.wav,Crying
devel_2299.wav,Crying
devel_2300.wav,Crying
devel_2301.wav,Crying
devel_2302.wav,Crying
devel_2303.wav,Crying
devel_2304.wav,Crying
devel_2305.wav,Crying
devel_2306.wav,Crying
devel_2307.wav,Crying
devel_2308.wav,Crying
devel_2309.wav,Crying
devel_2310.wav,Crying
devel_2311.wav,Crying
devel_2312.wav,Crying
devel_2313.wav,Crying
devel_2314.wav,Crying
devel_2315.wav,Crying
devel_2316.wav,Crying
devel_2317.wav,Crying
devel_2318.wav,Crying
devel_2319.wav,Crying
devel_2320.wav,Crying
devel_2321.wav,Crying
devel_2322.wav,Crying
devel_2323.wav,Crying
devel_2324.wav,Crying
devel_2325.wav,Crying
devel_2326.wav,Crying
devel_2327.wav,Crying
devel_2328.wav,Crying
devel_2329.wav,Crying
devel_2330.wav,Crying
devel_2331.wav,Crying
devel_2332.wav,Crying
devel_2333.wav,Crying
devel_2334.wav,Crying
devel_2335.wav,Crying
devel_2336.wav,Crying
devel_2337.wav,Crying
devel_2338.wav,Crying
devel_2339.wav,Crying
devel_2340.wav,Crying
devel_2341.wav,Crying
devel_2342.wav,Crying
devel_2343.wav,Crying
devel_2344.wav,Crying
devel_2345.wav,Crying
devel_2346.wav,Crying
devel_2347.wav,Crying
devel_2348.wav,Crying
devel_2349.wav,Crying
devel_2350.wav,Crying
devel_2351.wav,Crying
devel_2352.wav,Crying
devel_2353.wav,Crying
devel_2354.wav,Crying
devel_2355.wav,Crying
devel_2356.wav,Crying
devel_2357.wav,Crying
devel_2358.wav,Crying
devel_2359.wav,Crying
devel_2360.wav,Crying
devel_2361.wav,Crying
devel_2362.wav,Crying
devel_2363.wav,Crying
devel_2364.wav,Crying
devel_2365.wav,Crying
devel_2366.wav,Crying
devel_2367.wav,Crying
devel_2368.wav,Crying
devel_2369.wav,Crying
devel_2370.wav,Crying
devel_2371.wav,Crying
devel_2372.wav,Crying
devel_2373.wav,Crying
devel_2374.wav,Crying
devel_2375.wav,Crying
devel_2376.wav,Crying
devel_2377.wav,Crying
devel_2378.wav,Crying
devel_2379.wav,Crying
devel_2380.wav,Crying
devel_2381.wav,Crying
devel_2382.wav,Crying
devel_2383.wav,Crying
devel_2384.wav,Crying
devel_2385.wav,Crying
devel_2386.wav,Crying
devel_2387.wav,Crying
devel_2388.wav,Crying
devel_2389.wav,Crying
devel_2390.wav,Crying
devel_2391.wav,Crying
devel_2392.wav,Crying
devel_2393.wav,Crying
devel_2394.wav,Crying
devel_2395.wav,Crying
devel_2396.wav,Crying
devel_2397.wav,Crying
devel_2398.wav,Crying
devel_2399.wav,Crying
devel_2400.wav,Crying
devel_2401.wav,Crying
devel_2402.wav,Crying
devel_2403.wav,Crying
devel_2404.wav,Crying
devel_2405.wav,Crying
devel_2406.wav,Crying
devel_2407.wav,Crying
devel_2408.wav,Crying
devel_2409.wav,Crying
devel_2410.wav,Crying
devel_2411.wav,Crying
devel_2412.wav,Crying
devel_2413.wav,Crying
devel_2414.wav,Crying
devel_2415.wav,Crying
devel_2416.wav,Crying
devel_2417.wav,Crying
devel_2418.wav,Crying
devel_2419.wav,Crying
devel_2420.wav,Crying
devel_2421.wav,Crying
devel_2422.wav,Crying
devel_2423.wav,Crying
devel_2424.wav,Crying
devel_2425.wav,Crying
devel_2426.wav,Crying
devel_2427.wav,Crying
devel_2428.wav,Crying
devel_2429.wav,Crying
devel_2430.wav,Crying
devel_2431.wav,Crying
devel_2432.wav,Crying
devel_2433.wav,Crying
devel_2434.wav,Crying
devel_2435.wav,Crying
devel_2436.wav,Crying
devel_2437.wav,Crying
devel_2438.wav,Crying
devel_2439.wav,Crying
devel_2440.wav,Crying
devel_2441.wav,Crying
devel_2442.wav,Crying
devel_2443.wav,Crying
devel_2444.wav,Crying
devel_2445.wav,Crying
devel_2446.wav,Crying
devel_2447.wav,Crying
devel_2448.wav,Crying
devel_2449.wav,Crying
devel_2450.wav,Crying
devel_2451.wav,Crying
devel_2452.wav,Crying
devel_2453.wav,Crying
devel_2454.wav,Crying
devel_2455.wav,Crying
devel_2456.wav,Crying
devel_2457.wav,Crying
devel_2458.wav,Crying
devel_2459.wav,Crying
devel_2460.wav,Crying
devel_2461.wav,Crying
devel_2462.wav,Crying
devel_2463.wav,Crying
devel_2464.wav,Crying
devel_2465.wav,Crying
devel_2466.wav,Crying
devel_2467.wav,Crying
devel_2468.wav,Crying
devel_2469.wav,Crying
devel_2470.wav,Crying
devel_2471.wav,Crying
devel_2472.wav,Crying
devel_2473.wav,Crying
devel_2474.wav,Crying
devel_2475.wav,Crying
devel_2476.wav,Crying
devel_2477.wav,Crying
devel_2478.wav,Crying
devel_2479.wav,Crying
devel_2480.wav,Crying
devel_2481.wav,Crying
devel_2482.wav,Crying
devel_2483.wav,Crying
devel_2484.wav,Crying
devel_2485.wav,Crying
devel_2486.wav,Crying
devel_2487.wav,Crying
devel_2488.wav,Crying
devel_2489.wav,Crying
devel_2490.wav,Crying
devel_2491.wav,Crying
devel_2492.wav,Crying
devel_2493.wav,Crying
devel_2494.wav,Crying
devel_2495.wav,Crying
devel_2496.wav,Crying
devel_2497.wav,Crying
devel_2498.wav,Crying
devel_2499.wav,Crying
devel_2500.wav,Crying
devel_2501.wav,Crying
devel_2502.wav,Crying
devel_2503.wav,Crying
devel_2504.wav,Crying
devel_2505.wav,Crying
devel_2506.wav,Crying
devel_2507.wav,Crying
devel_2508.wav,Crying
devel_2509.wav,Crying
devel_2510.wav,Crying
devel_2511.wav,Crying
devel_2512.wav,Crying
devel_2513.wav,Crying
devel_2514.wav,Crying
devel_2515.wav,Crying
devel_2516.wav,Crying
devel_2517.wav,Crying
devel_2518.wav,Crying
devel_2519.wav,Crying
devel_2520.wav,Crying
devel_2521.wav,Crying
devel_2522.wav,Crying
devel_2523.wav,Crying
devel_2524.wav,Crying
devel_2525.wav,Crying
devel_2526.wav,Crying
devel_2527.wav,Crying
devel_2528.wav,Crying
devel_2529.wav,Crying
devel_2530.wav,Crying
devel_2531.wav,Crying
devel_2532.wav,Crying
devel_2533.wav,Crying
devel_2534.wav,Crying
devel_2535.wav,Crying
devel_2536.wav,Crying
devel_2537.wav,Crying
devel_2538.wav,Crying
devel_2539.wav,Crying
devel_2540.wav,Crying
devel_2541.wav,Crying
devel_2542.wav,Crying
devel_2543.wav,Crying
devel_2544.wav,Crying
devel_2545.wav,Crying
devel_2546.wav,Crying
devel_2547.wav,Crying
devel_2548.wav,Crying
devel_2549.wav,Crying
devel_2550.wav,Crying
devel_2551.wav,Crying
devel_2552.wav,Crying
devel_2553.wav,Crying
devel_2554.wav,Crying
devel_2555.wav,Crying
devel_2556.wav,Crying
devel_2557.wav,Crying
devel_2558.wav,Crying
devel_2559.wav,Crying
devel_2560.wav,Crying
devel_2561.wav,Crying
devel_2562.wav,Crying
devel_2563.wav,Crying
devel_2564.wav,Crying
devel_2565.wav,Crying
devel_2566.wav,Crying
devel_2567.wav,Crying
devel_2568.wav,Crying
devel_2569.wav,Crying
devel_2570.wav,Crying
devel_2571.wav,Crying
devel_2572.wav,Crying
devel_2573.wav,Crying
devel_2574.wav,Crying
devel_2575.wav,Crying
devel_2576.wav,Crying
devel_2577.wav,Crying
devel_2578.wav,Crying
devel_2579.wav,Crying
devel_2580.wav,Crying
devel_2581.wav,Crying
devel_2582.wav,Crying
devel_2583.wav,Crying
devel_2584.wav,Crying
devel_2585.wav,Crying
devel_2586.wav,Crying
devel_2587.wav,Crying
devel_2588.wav,Crying
devel_2589.wav,Crying
devel_2590.wav,Crying
devel_2591.wav,Crying
devel_2592.wav,Crying
devel_2593.wav,Crying
devel_2594.wav,Crying
devel_2595.wav,Crying
devel_2596.wav,Crying
devel_2597.wav,Crying
devel_2598.wav,Crying
devel_2599.wav,Crying
devel_2600.wav,Crying
devel_2601.wav,Crying
devel_2602.wav,Crying
devel_2603.wav,Crying
devel_2604.wav,Crying
devel_2605.wav,Crying
devel_2606.wav,Crying
devel_2607.wav,Crying
devel_2608.wav,Crying
devel_2609.wav,Crying
devel_2610.wav,Crying
devel_2611.wav,Crying
devel_2612.wav,Crying
devel_2613.wav,Crying
devel_2614.wav,Crying
devel_2615.wav,Crying
devel_2616.wav,Crying
devel_2617.wav,Crying
devel_2618.wav,Crying
devel_2619.wav,Crying
devel_2620.wav,Crying
devel_2621.wav,Crying
devel_2622.wav,Crying
devel_2623.wav,Crying
devel_2624.wav,Crying
devel_2625.wav,Crying
devel_2626.wav,Crying
devel_2627.wav,Crying
devel_2628.wav,Crying
devel_2629.wav,Crying
devel_2630.wav,Crying
devel_2631.wav,Crying
devel_2632.wav,Crying
devel_2633.wav,Crying
devel_2634.wav,Crying
devel_2635.wav,Crying
devel_2636.wav,Crying
devel_2637.wav,Crying
devel_2638.wav,Crying
devel_2639.wav,Crying
devel_2640.wav,Crying
devel_2641.wav,Crying
devel_2642.wav,Crying
devel_2643.wav,Crying
devel_2644.wav,Crying
devel_2645.wav,Crying
devel_2646.wav,Crying
devel_2647.wav,Crying
devel_2648.wav,Crying
devel_2649.wav,Crying
devel_2650.wav,Crying
devel_2651.wav,Crying
devel_2652.wav,Crying
devel_2653.wav,Crying
devel_2654.wav,Crying
devel_2655.wav,Crying
devel_2656.wav,Crying
devel_2657.wav,Crying
devel_2658.wav,Crying
devel_2659.wav,Crying
devel_2660.wav,Crying
devel_2661.wav,Crying
devel_2662.wav,Crying
devel_2663.wav,Crying
devel_2664.wav,Crying
devel_2665.wav,Crying
devel_2666.wav,Crying
devel_2667.wav,Crying
devel_2668.wav,Crying
devel_2669.wav,Crying
devel_2670.wav,Crying
devel_2671.wav,Crying
devel_2672.wav,Crying
devel_2673.wav,Crying
devel_2674.wav,Crying
devel_2675.wav,Crying
devel_2676.wav,Crying
devel_2677.wav,Crying
devel_2678.wav,Crying
devel_2679.wav,Crying
devel_2680.wav,Crying
devel_2681.wav,Crying
devel_2682.wav,Crying
devel_2683.wav,Crying
devel_2684.wav,Crying
devel_2685.wav,Crying
devel_2686.wav,Crying
devel_2687.wav,Crying
devel_2688.wav,Crying
devel_2689.wav,Crying
devel_2690.wav,Crying
devel_2691.wav,Crying
devel_2692.wav,Crying
devel_2693.wav,Crying
devel_2694.wav,Crying
devel_2695.wav,Crying
devel_2696.wav,Crying
devel_2697.wav,Crying
devel_2698.wav,Crying
devel_2699.wav,Crying
devel_2700.wav,Crying
devel_2701.wav,Crying
devel_2702.wav,Crying
devel_2703.wav,Crying
devel_2704.wav,Crying
devel_2705.wav,Crying
devel_2706.wav,Crying
devel_2707.wav,Crying
devel_2708.wav,Crying
devel_2709.wav,Crying
devel_2710.wav,Crying
devel_2711.wav,Crying
devel_2712.wav,Crying
devel_2713.wav,Crying
devel_2714.wav,Crying
devel_2715.wav,Crying
devel_2716.wav,Crying
devel_2717.wav,Crying
devel_2718.wav,Crying
devel_2719.wav,Crying
devel_2720.wav,Crying
devel_2721.wav,Crying
devel_2722.wav,Crying
devel_2723.wav,Crying
devel_2724.wav,Crying
devel_2725.wav,Crying
devel_2726.wav,Crying
devel_2727.wav,Crying
devel_2728.wav,Crying
devel_2729.wav,Crying
devel_2730.wav,Crying
devel_2731.wav,Crying
devel_2732.wav,Crying
devel_2733.wav,Crying
devel_2734.wav,Crying
devel_2735.wav,Crying
devel_2736.wav,Crying
devel_2737.wav,Crying
devel_2738.wav,Crying
devel_2739.wav,Crying
devel_2740.wav,Crying
devel_2741.wav,Crying
devel_2742.wav,Crying
devel_2743.wav,Crying
devel_2744.wav,Crying
devel_2745.wav,Crying
devel_2746.wav,Crying
devel_2747.wav,Crying
devel_2748.wav,Crying
devel_2749.wav,Crying
devel_2750.wav,Crying
devel_2751.wav,Crying
devel_2752.wav,Crying
devel_2753.wav,Crying
devel_2754.wav,Crying
devel_2755.wav,Crying
devel_2756.wav,Crying
devel_2757.wav,Crying
devel_2758.wav,Crying
devel_2759.wav,Crying
devel_2760.wav,Crying
devel_2761.wav,Crying
devel_2762.wav,Crying
devel_2763.wav,Crying
devel_2764.wav,Crying
devel_2765.wav,Crying
devel_2766.wav,Crying
devel_2767.wav,Crying
devel_2768.wav,Crying
devel_2769.wav,Crying
devel_2770.wav,Crying
devel_2771.wav,Crying
devel_2772.wav,Crying
devel_2773.wav,Crying
devel_2774.wav,Crying
devel_2775.wav,Crying
devel_2776.wav,Crying
devel_2777.wav,Crying
devel_2778.wav,Crying
devel_2779.wav,Crying
devel_2780.wav,Crying
devel_2781.wav,Crying
devel_2782.wav,Crying
devel_2783.wav,Crying
devel_2784.wav,Crying
devel_2785.wav,Crying
devel_2786.wav,Crying
devel_2787.wav,Crying
devel_2788.wav,Crying
devel_2789.wav,Crying
devel_2790.wav,Crying
devel_2791.wav,Crying
devel_2792.wav,Crying
devel_2793.wav,Crying
devel_2794.wav,Crying
devel_2795.wav,Crying
devel_2796.wav,Crying
devel_2797.wav,Crying
devel_2798.wav,Crying
devel_2799.wav,Crying
devel_2800.wav,Crying
devel_2801.wav,Crying
devel_2802.wav,Crying
devel_2803.wav,Crying
devel_2804.wav,Crying
devel_2805.wav,Crying
devel_2806.wav,Crying
devel_2807.wav,Crying
devel_2808.wav,Crying
devel_2809.wav,Crying
devel_2810.wav,Crying
devel_2811.wav,Crying
devel_2812.wav,Crying
devel_2813.wav,Crying
devel_2814.wav,Crying
devel_2815.wav,Crying
devel_2816.wav,Crying
devel_2817.wav,Crying
devel_2818.wav,Crying
devel_2819.wav,Crying
devel_2820.wav,Crying
devel_2821.wav,Crying
devel_2822.wav,Crying
devel_2823.wav,Crying
devel_2824.wav,Crying
devel_2825.wav,Crying
devel_2826.wav,Crying
devel_2827.wav,Crying
devel_2828.wav,Crying
devel_2829.wav,Crying
devel_2830.wav,Crying
devel_2831.wav,Crying
devel_2832.wav,Crying
devel_2833.wav,Crying
devel_2834.wav,Crying
devel_2835.wav,Crying
devel_2836.wav,Crying
devel_2837.wav,Crying
devel_2838.wav,Crying
devel_2839.wav,Crying
devel_2840.wav,Crying
devel_2841.wav,Crying
devel_2842.wav,Crying
devel_2843.wav,Crying
devel_2844.wav,Crying
devel_2845.wav,Crying
devel_2846.wav,Crying
devel_2847.wav,Crying
devel_2848.wav,Crying
devel_2849.wav,Crying
devel_2850.wav,Crying
devel_2851.wav,Crying
devel_2852.wav,Crying
devel_2853.wav,Crying
devel_2854.wav,Crying
devel_2855.wav,Crying
devel_2856.wav,Crying
devel_2857.wav,Crying
devel_2858.wav,Crying
devel_2859.wav,Crying
devel_2860.wav,Crying
devel_2861.wav,Crying
devel_2862.wav,Crying
devel_2863.wav,Crying
devel_2864.wav,Crying
devel_2865.wav,Crying
devel_2866.wav,Crying
devel_2867.wav,Crying
devel_2868.wav,Crying
devel_2869.wav,Crying
devel_2870.wav,Crying
devel_2871.wav,Crying
devel_2872.wav,Crying
devel_2873.wav,Crying
devel_2874.wav,Crying
devel_2875.wav,Crying
devel_2876.wav,Crying
devel_2877.wav,Crying
devel_2878.wav,Crying
devel_2879.wav,Crying
devel_2880.wav,Crying
devel_2881.wav,Crying
devel_2882.wav,Crying
devel_2883.wav,Crying
devel_2884.wav,Crying
devel_2885.wav,Crying
devel_2886.wav,Crying
devel_2887.wav,Crying
devel_2888.wav,Crying
devel_2889.wav,Crying
devel_2890.wav,Crying
devel_2891.wav,Crying
devel_2892.wav,Crying
devel_2893.wav,Crying
devel_2894.wav,Crying
devel_2895.wav,Crying
devel_2896.wav,Crying
devel_2897.wav,Crying
devel_2898.wav,Crying
devel_2899.wav,Crying
devel_2900.wav,Crying
devel_2901.wav,Crying
devel_2902.wav,Crying
devel_2903.wav,Crying
devel_2904.wav,Crying
devel_2905.wav,Crying
devel_2906.wav,Crying
devel_2907.wav,Crying
devel_2908.wav,Crying
devel_2909.wav,Crying
devel_2910.wav,Crying
devel_2911.wav,Crying
devel_2912.wav,Crying
devel_2913.wav,Crying
devel_2914.wav,Crying
devel_2915.wav,Crying
devel_2916.wav,Crying
devel_2917.wav,Crying
devel_2918.wav,Crying
devel_2919.wav,Crying
devel_2920.wav,Crying
devel_2921.wav,Crying
devel_2922.wav,Crying
devel_2923.wav,Crying
devel_2924.wav,Crying
devel_2925.wav,Crying
devel_2926.wav,Crying
devel_2927.wav,Crying
devel_2928.wav,Crying
devel_2929.wav,Crying
devel_2930.wav,Crying
devel_2931.wav,Crying
devel_2932.wav,Crying
devel_2933.wav,Crying
devel_2934.wav,Crying
devel_2935.wav,Crying
devel_2936.wav,Crying
devel_2937.wav,Crying
devel_2938.wav,Crying
devel_2939.wav,Crying
devel_2940.wav,Crying
devel_2941.wav,Crying
devel_2942.wav,Crying
devel_2943.wav,Crying
devel_2944.wav,Crying
devel_2945.wav,Crying
devel_2946.wav,Crying
devel_2947.wav,Crying
devel_2948.wav,Crying
devel_2949.wav,Crying
devel_2950.wav,Crying
devel_2951.wav,Crying
devel_2952.wav,Crying
devel_2953.wav,Crying
devel_2954.wav,Crying
devel_2955.wav,Crying
devel_2956.wav,Crying
devel_2957.wav,Crying
devel_2958.wav,Crying
devel_2959.wav,Crying
devel_2960.wav,Crying
devel_2961.wav,Crying
devel_2962.wav,Crying
devel_2963.wav,Crying
devel_2964.wav,Crying
devel_2965.wav,Crying
devel_2966.wav,Crying
devel_2967.wav,Crying
devel_2968.wav,Crying
devel_2969.wav,Crying
devel_2970.wav,Crying
devel_2971.wav,Crying
devel_2972.wav,Crying
devel_2973.wav,Crying
devel_2974.wav,Crying
devel_2975.wav,Crying
devel_2976.wav,Crying
devel_2977.wav,Crying
devel_2978.wav,Crying
devel_2979.wav,Crying
devel_2980.wav,Crying
devel_2981.wav,Crying
devel_2982.wav,Crying
devel_2983.wav,Crying
devel_2984.wav,Crying
devel_2985.wav,Crying
devel_2986.wav,Crying
devel_2987.wav,Crying
devel_2988.wav,Crying
devel_2989.wav,Crying
devel_2990.wav,Crying
devel_2991.wav,Crying
devel_2992.wav,Crying
devel_2993.wav,Crying
devel_2994.wav,Crying
devel_2995.wav,Crying
devel_2996.wav,Crying
devel_2997.wav,Crying
devel_2998.wav,Crying
devel_2999.wav,Crying
devel_3000.wav,Crying
devel_3001.wav,Crying
devel_3002.wav,Crying
devel_3003.wav,Crying
devel_3004.wav,Crying
devel_3005.wav,Crying
devel_3006.wav,Crying
devel_3007.wav,Crying
devel_3008.wav,Crying
devel_3009.wav,Crying
devel_3010.wav,Crying
devel_3011.wav,Crying
devel_3012.wav,Crying
devel_3013.wav,Crying
devel_3014.wav,Crying
devel_3015.wav,Crying
devel_3016.wav,Crying
devel_3017.wav,Crying
devel_3018.wav,Crying
devel_3019.wav,Crying
devel_3020.wav,Crying
devel_3021.wav,Crying
devel_3022.wav,Crying
devel_3023.wav,Crying
devel_3024.wav,Crying
devel_3025.wav,Crying
devel_3026.wav,Crying
devel_3027.wav,Crying
devel_3028.wav,Crying
devel_3029.wav,Crying
devel_3030.wav,Crying
devel_3031.wav,Crying
devel_3032.wav,Crying
devel_3033.wav,Crying
devel_3034.wav,Crying
devel_3035.wav,Crying
devel_3036.wav,Crying
devel_3037.wav,Crying
devel_3038.wav,Crying
devel_3039.wav,Crying
devel_3040.wav,Crying
devel_3041.wav,Crying
devel_3042.wav,Crying
devel_3043.wav,Crying
devel_3044.wav,Crying
devel_3045.wav,Crying
devel_3046.wav,Crying
devel_3047.wav,Crying
devel_3048.wav,Crying
devel_3049.wav,Crying
devel_3050.wav,Crying
devel_3051.wav,Crying
devel_3052.wav,Crying
devel_3053.wav,Crying
devel_3054.wav,Crying
devel_3055.wav,Crying
devel_3056.wav,Crying
devel_3057.wav,Crying
devel_3058.wav,Crying
devel_3059.wav,Crying
devel_3060.wav,Crying
devel_3061.wav,Crying
devel_3062.wav,Crying
devel_3063.wav,Crying
devel_3064.wav,Crying
devel_3065.wav,Crying
devel_3066.wav,Crying
devel_3067.wav,Crying
devel_3068.wav,Crying
devel_3069.wav,Crying
devel_3070.wav,Crying
devel_3071.wav,Crying
devel_3072.wav,Crying
devel_3073.wav,Crying
devel_3074.wav,Crying
devel_3075.wav,Crying
devel_3076.wav,Crying
devel_3077.wav,Crying
devel_3078.wav,Crying
devel_3079.wav,Crying
devel_3080.wav,Crying
devel_3081.wav,Crying
devel_3082.wav,Crying
devel_3083.wav,Crying
devel_3084.wav,Crying
devel_3085.wav,Crying
devel_3086.wav,Crying
devel_3087.wav,Crying
devel_3088.wav,Crying
devel_3089.wav,Crying
devel_3090.wav,Crying
devel_3091.wav,Crying
devel_3092.wav,Crying
devel_3093.wav,Crying
devel_3094.wav,Crying
devel_3095.wav,Crying
devel_3096.wav,Crying
devel_3097.wav,Crying
devel_3098.wav,Crying
devel_3099.wav,Crying
devel_3100.wav,Crying
devel_3101.wav,Crying
devel_3102.wav,Crying
devel_3103.wav,Crying
devel_3104.wav,Crying
devel_3105.wav,Crying
devel_3106.wav,Crying
devel_3107.wav,Crying
devel_3108.wav,Crying
devel_3109.wav,Crying
devel_3110.wav,Crying
devel_3111.wav,Crying
devel_3112.wav,Crying
devel_3113.wav,Crying
devel_3114.wav,Crying
devel_3115.wav,Crying
devel_3116.wav,Crying
devel_3117.wav,Crying
devel_3118.wav,Crying
devel_3119.wav,Crying
devel_3120.wav,Crying
devel_3121.wav,Crying
devel_3122.wav,Crying
devel_3123.wav,Crying
devel_3124.wav,Crying
devel_3125.wav,Crying
devel_3126.wav,Crying
devel_3127.wav,Crying
devel_3128.wav,Crying
devel_3129.wav,Crying
devel_3130.wav,Crying
devel_3131.wav,Crying
devel_3132.wav,Crying
devel_3133.wav,Crying
devel_3134.wav,Crying
devel_3135.wav,Crying
devel_3136.wav,Crying
devel_3137.wav,Crying
devel_3138.wav,Crying
devel_3139.wav,Crying
devel_3140.wav,Crying
devel_3141.wav,Crying
devel_3142.wav,Crying
devel_3143.wav,Crying
devel_3144.wav,Crying
devel_3145.wav,Crying
devel_3146.wav,Crying
devel_3147.wav,Crying
devel_3148.wav,Crying
devel_3149.wav,Crying
devel_3150.wav,Crying
devel_3151.wav,Crying
devel_3152.wav,Crying
devel_3153.wav,Crying
devel_3154.wav,Crying
devel_3155.wav,Crying
devel_3156.wav,Crying
devel_3157.wav,Crying
devel_3158.wav,Crying
devel_3159.wav,Crying
devel_3160.wav,Crying
devel_3161.wav,Crying
devel_3162.wav,Crying
devel_3163.wav,Crying
devel_3164.wav,Crying
devel_3165.wav,Crying
devel_3166.wav,Crying
devel_3167.wav,Crying
devel_3168.wav,Crying
devel_3169.wav,Crying
devel_3170.wav,Crying
devel_3171.wav,Crying
devel_3172.wav,Crying
devel_3173.wav,Crying
devel_3174.wav,Crying
devel_3175.wav,Crying
devel_3176.wav,Crying
devel_3177.wav,Crying
devel_3178.wav,Crying
devel_3179.wav,Crying
devel_3180.wav,Crying
devel_3181.wav,Crying
devel_3182.wav,Crying
devel_3183.wav,Crying
devel_3184.wav,Crying
devel_3185.wav,Crying
devel_3186.wav,Crying
devel_3187.wav,Crying
devel_3188.wav,Crying
devel_3189.wav,Crying
devel_3190.wav,Crying
devel_3191.wav,Crying
devel_3192.wav,Crying
devel_3193.wav,Crying
devel_3194.wav,Crying
devel_3195.wav,Crying
devel_3196.wav,Crying
devel_3197.wav,Crying
devel_3198.wav,Crying
devel_3199.wav,Crying
devel_3200.wav,Crying
devel_3201.wav,Crying
devel_3202.wav,Crying
devel_3203.wav,Crying
devel_3204.wav,Crying
devel_3205.wav,Crying
devel_3206.wav,Crying
devel_3207.wav,Crying
devel_3208.wav,Crying
devel_3209.wav,Crying
devel_3210.wav,Crying
devel_3211.wav,Crying
devel_3212.wav,Crying
devel_3213.wav,Crying
devel_3214.wav,Crying
devel_3215.wav,Crying
devel_3216.wav,Crying
devel_3217.wav,Crying
devel_3218.wav,Crying
devel_3219.wav,Crying
devel_3220.wav,Crying
devel_3221.wav,Crying
devel_3222.wav,Crying
devel_3223.wav,Crying
devel_3224.wav,Crying
devel_3225.wav,Crying
devel_3226.wav,Crying
devel_3227.wav,Crying
devel_3228.wav,Crying
devel_3229.wav,Crying
devel_3230.wav,Crying
devel_3231.wav,Crying
devel_3232.wav,Crying
devel_3233.wav,Crying
devel_3234.wav,Crying
devel_3235.wav,Crying
devel_3236.wav,Crying
devel_3237.wav,Crying
devel_3238.wav,Crying
devel_3239.wav,Crying
devel_3240.wav,Crying
devel_3241.wav,Crying
devel_3242.wav,Crying
devel_3243.wav,Crying
devel_3244.wav,Crying
devel_3245.wav,Crying
devel_3246.wav,Crying
devel_3247.wav,Crying
devel_3248.wav,Crying
devel_3249.wav,Crying
devel_3250.wav,Crying
devel_3251.wav,Crying
devel_3252.wav,Crying
devel_3253.wav,Crying
devel_3254.wav,Crying
devel_3255.wav,Crying
devel_3256.wav,Crying
devel_3257.wav,Crying
devel_3258.wav,Crying
devel_3259.wav,Crying
devel_3260.wav,Crying
devel_3261.wav,Crying
devel_3262.wav,Crying
devel_3263.wav,Crying
devel_3264.wav,Crying
devel_3265.wav,Crying
devel_3266.wav,Crying
devel_3267.wav,Crying
devel_3268.wav,Crying
devel_3269.wav,Crying
devel_3270.wav,Crying
devel_3271.wav,Crying
devel_3272.wav,Crying
devel_3273.wav,Crying
devel_3274.wav,Crying
devel_3275.wav,Crying
devel_3276.wav,Crying
devel_3277.wav,Crying
devel_3278.wav,Crying
devel_3279.wav,Crying
devel_3280.wav,Crying
devel_3281.wav,Crying
devel_3282.wav,Crying
devel_3283.wav,Crying
devel_3284.wav,Crying
devel_3285.wav,Crying
devel_3286.wav,Crying
devel_3287.wav,Crying
devel_3288.wav,Crying
devel_3289.wav,Crying
devel_3290.wav,Crying
devel_3291.wav,Crying
devel_3292.wav,Crying
devel_3293.wav,Crying
devel_3294.wav,Crying
devel_3295.wav,Crying
devel_3296.wav,Crying
devel_3297.wav,Crying
devel_3298.wav,Crying
devel_3299.wav,Crying
devel_3300.wav,Crying
devel_3301.wav,Crying
devel_3302.wav,Crying
devel_3303.wav,Crying
devel_3304.wav,Crying
devel_3305.wav,Crying
devel_3306.wav,Crying
devel_3307.wav,Crying
devel_3308.wav,Crying
devel_3309.wav,Crying
devel_3310.wav,Crying
devel_3311.wav,Crying
devel_3312.wav,Crying
devel_3313.wav,Crying
devel_3314.wav,Crying
devel_3315.wav,Crying
devel_3316.wav,Crying
devel_3317.wav,Crying
devel_3318.wav,Crying
devel_3319.wav,Crying
devel_3320.wav,Crying
devel_3321.wav,Crying
devel_3322.wav,Crying
devel_3323.wav,Crying
devel_3324.wav,Crying
devel_3325.wav,Crying
devel_3326.wav,Crying
devel_3327.wav,Crying
devel_3328.wav,Crying
devel_3329.wav,Crying
devel_3330.wav,Crying
devel_3331.wav,Crying
devel_3332.wav,Crying
devel_3333.wav,Crying
devel_3334.wav,Crying
devel_3335.wav,Crying
devel_3336.wav,Crying
devel_3337.wav,Crying
devel_3338.wav,Crying
devel_3339.wav,Crying
devel_3340.wav,Crying
devel_3341.wav,Crying
devel_3342.wav,Crying
devel_3343.wav,Crying
devel_3344.wav,Crying
devel_3345.wav,Crying
devel_3346.wav,Crying
devel_3347.wav,Crying
devel_3348.wav,Crying
devel_3349.wav,Crying
devel_3350.wav,Crying
devel_3351.wav,Crying
devel_3352.wav,Crying
devel_3353.wav,Crying
devel_3354.wav,Crying
devel_3355.wav,Crying
devel_3356.wav,Crying
devel_3357.wav,Crying
devel_3358.wav,Crying
devel_3359.wav,Crying
devel_3360.wav,Crying
devel_3361.wav,Crying
devel_3362.wav,Crying
devel_3363.wav,Crying
devel_3364.wav,Crying
devel_3365.wav,Crying
devel_3366.wav,Crying
devel_3367.wav,Crying
devel_3368.wav,Crying
devel_3369.wav,Crying
devel_3370.wav,Crying
devel_3371.wav,Crying
devel_3372.wav,Crying
devel_3373.wav,Crying
devel_3374.wav,Crying
devel_3375.wav,Crying
devel_3376.wav,Crying
devel_3377.wav,Crying
devel_3378.wav,Crying
devel_3379.wav,Crying
devel_3380.wav,Crying
devel_3381.wav,Crying
devel_3382.wav,Crying
devel_3383.wav,Crying
devel_3384.wav,Crying
devel_3385.wav,Crying
devel_3386.wav,Crying
devel_3387.wav,Crying
devel_3388.wav,Crying
devel_3389.wav,Crying
devel_3390.wav,Crying
devel_3391.wav,Crying
devel_3392.wav,Crying
devel_3393.wav,Crying
devel_3394.wav,Crying
devel_3395.wav,Crying
devel_3396.wav,Crying
devel_3397.wav,Crying
devel_3398.wav,Crying
devel_3399.wav,Crying
devel_3400.wav,Crying
devel_3401.wav,Crying
devel_3402.wav,Crying
devel_3403.wav,Crying
devel_3404.wav,Crying
devel_3405.wav,Crying
devel_3406.wav,Crying
devel_3407.wav,Crying
devel_3408.wav,Crying
devel_3409.wav,Crying
devel_3410.wav,Crying
devel_3411.wav,Crying
devel_3412.wav,Crying
devel_3413.wav,Crying
devel_3414.wav,Crying
devel_3415.wav,Crying
devel_3416.wav,Crying
devel_3417.wav,Crying
devel_3418.wav,Crying
devel_3419.wav,Crying
devel_3420.wav,Crying
devel_3421.wav,Crying
devel_3422.wav,Crying
devel_3423.wav,Crying
devel_3424.wav,Crying
devel_3425.wav,Crying
devel_3426.wav,Crying
devel_3427.wav,Crying
devel_3428.wav,Crying
devel_3429.wav,Crying
devel_3430.wav,Crying
devel_3431.wav,Crying
devel_3432.wav,Crying
devel_3433.wav,Crying
devel_3434.wav,Crying
devel_3435.wav,Crying
devel_3436.wav,Crying
devel_3437.wav,Crying
devel_3438.wav,Crying
devel_3439.wav,Crying
devel_3440.wav,Crying
devel_3441.wav,Crying
devel_3442.wav,Crying
devel_3443.wav,Crying
devel_3444.wav,Crying
devel_3445.wav,Crying
devel_3446.wav,Crying
devel_3447.wav,Crying
devel_3448.wav,Crying
devel_3449.wav,Crying
devel_3450.wav,Crying
devel_3451.wav,Crying
devel_3452.wav,Crying
devel_3453.wav,Crying
devel_3454.wav,Crying
devel_3455.wav,Crying
devel_3456.wav,Crying
devel_3457.wav,Crying
devel_3458.wav,Crying
devel_3459.wav,Crying
devel_3460.wav,Crying
devel_3461.wav,Crying
devel_3462.wav,Crying
devel_3463.wav,Crying
devel_3464.wav,Crying
devel_3465.wav,Crying
devel_3466.wav,Crying
devel_3467.wav,Crying
devel_3468.wav,Crying
devel_3469.wav,Crying
devel_3470.wav,Crying
devel_3471.wav,Crying
devel_3472.wav,Crying
devel_3473.wav,Crying
devel_3474.wav,Crying
devel_3475.wav,Crying
devel_3476.wav,Crying
devel_3477.wav,Crying
devel_3478.wav,Crying
devel_3479.wav,Crying
devel_3480.wav,Crying
devel_3481.wav,Crying
devel_3482.wav,Crying
devel_3483.wav,Crying
devel_3484.wav,Crying
devel_3485.wav,Crying
devel_3486.wav,Crying
devel_3487.wav,Crying
devel_3488.wav,Crying
devel_3489.wav,Crying
devel_3490.wav,Crying
devel_3491.wav,Crying
devel_3492.wav,Crying
devel_3493.wav,Crying
devel_3494.wav,Crying
devel_3495.wav,Crying
devel_3496.wav,Crying
devel_3497.wav,Crying
devel_3498.wav,Crying
devel_3499.wav,Crying
devel_3500.wav,Crying
devel_3501.wav,Crying
devel_3502.wav,Crying
devel_3503.wav,Crying
devel_3504.wav,Crying
devel_3505.wav,Crying
devel_3506.wav,Crying
devel_3507.wav,Crying
devel_3508.wav,Crying
devel_3509.wav,Crying
devel_3510.wav,Crying
devel_3511.wav,Crying
devel_3512.wav,Crying
devel_3513.wav,Crying
devel_3514.wav,Crying
devel_3515.wav,Crying
devel_3516.wav,Crying
devel_3517.wav,Crying
devel_3518.wav,Crying
devel_3519.wav,Crying
devel_3520.wav,Crying
devel_3521.wav,Crying
devel_3522.wav,Crying
devel_3523.wav,Crying
devel_3524.wav,Crying
devel_3525.wav,Crying
devel_3526.wav,Crying
devel_3527.wav,Crying
devel_3528.wav,Crying
devel_3529.wav,Crying
devel_3530.wav,Crying
devel_3531.wav,Crying
devel_3532.wav,Crying
devel_3533.wav,Crying
devel_3534.wav,Crying
devel_3535.wav,Crying
devel_3536.wav,Crying
devel_3537.wav,Crying
devel_3538.wav,Crying
devel_3539.wav,Crying
devel_3540.wav,Crying
devel_3541.wav,Crying
devel_3542.wav,Crying
devel_3543.wav,Crying
devel_3544.wav,Crying
devel_3545.wav,Crying
devel_3546.wav,Crying
devel_3547.wav,Crying
devel_3548.wav,Crying
devel_3549.wav,Crying
devel_3550.wav,Crying
devel_3551.wav,Crying
devel_3552.wav,Crying
devel_3553.wav,Crying
devel_3554.wav,Crying
devel_3555.wav,Crying
devel_3556.wav,Crying
devel_3557.wav,Crying
devel_3558.wav,Crying
devel_3559.wav,Crying
devel_3560.wav,Crying
devel_3561.wav,Crying
devel_3562.wav,Crying
devel_3563.wav,Crying
devel_3564.wav,Crying
devel_3565.wav,Crying
devel_3566.wav,Crying
devel_3567.wav,Crying
devel_3568.wav,Crying
devel_3569.wav,Crying
devel_3570.wav,Crying
devel_3571.wav,Crying
devel_3572.wav,Crying
devel_3573.wav,Crying
devel_3574.wav,Crying
devel_3575.wav,Crying
devel_3576.wav,Crying
devel_3577.wav,Crying
devel_3578.wav,Crying
devel_3579.wav,Crying
devel_3580.wav,Crying
devel_3581.wav,Crying
devel_3582.wav,Crying
devel_3583.wav,Crying
devel_3584.wav,Crying
devel_3585.wav,Crying
devel_3586.wav,Crying
devel_3587.wav,Crying
devel_3588.wav,Crying
devel_3589.wav,Crying
devel_3590.wav,Crying
devel_3591.wav,Crying
devel_3592.wav,Crying
devel_3593.wav,Crying
devel_3594.wav,Crying
devel_3595.wav,Crying
devel_3596.wav,Crying
devel_3597.wav,Crying
devel_3598.wav,Crying
devel_3599.wav,Crying
devel_3600.wav,Crying
devel_3601.wav,Crying
devel_3602.wav,Crying
devel_3603.wav,Crying
devel_3604.wav,Crying
devel_3605.wav,Crying
devel_3606.wav,Crying
devel_3607.wav,Crying
devel_3608.wav,Crying
devel_3609.wav,Crying
devel_3610.wav,Crying
devel_3611.wav,Crying
devel_3612.wav,Crying
devel_3613.wav,Crying
devel_3614.wav,Crying
devel_3615.wav,Crying
devel_3616.wav,Crying
devel_3617.wav,Crying
